Name,Estaci__n,Direcci__n_de_estaci__n,Zona_geot__cnica,Latitud,Longitud,Direcci__n_de_canal_1,Acel__m__x__canal_1__cm_s2,Direcci__n_de_canal_2,Acel__m__x__canal_2__cm_s2,Direcci__n_de_canal_3,Acel__m__x__canal_3__cm_s2,gx_media_links
AE02,Esc. Prim. González Garzón,"Calle Xico esq. con calle Xocoyote. Col. El Arenal 4a. Sección, Del. Venustiano Carranza",IIId,19٫429,-99٫0584,N00E,96٫18189,V,42٫1678,N90W,114٫86247,https://doc-0g-b4-mymaps.googleusercontent.com/untrusted/hostedimage/3nvmt8q5lv2g1r89cq9t36sf1s/cv0l6vhceb86m5gaictfkudhqc/1649790132250/xmn2Ayk59Aaq_NK2Wpwf-CQc8UUGte0m/12960308126290440993/5AIsG_vbbZGMMpjlV3ZFv7v1KkrFgoC5Lqq_KvMxBwrxpeB4OEOjSSq9uWj-si4fFDPvE5I1JUTz2SyjWcOWWxvxNq22mLU7JzKue9OXGq0VqAdWyTvIKzrB9ifFDy1qUbBv3RHR4fhV1KNzXs0JSKtbN76EPfGS8J7kB85GOT5c-kOkKzYEo3iFdw0YsokwVj6Bkad0?session=0&fife
AL01,Alameda,"Del. Cuauhtémoc, Col. Centro, Dr. Mora entre Av. Hidalgo y Av. Juárez",IIIb,19٫4356,-99٫1453,N00E,117٫11544,V,40٫19107,N90W,108٫563,https://doc-0s-b4-mymaps.googleusercontent.com/untrusted/hostedimage/3nvmt8q5lv2g1r89cq9t36sf1s/f45t6lef3gjq7qj01cccs67phk/1649790132250/xmn2Ayk59Aaq_NK2Wpwf-CQc8UUGte0m/12960308126290440993/5AIsG_vYeeHPYfAIgJbqO31weCmAYTI28-N2KBH7McCueADG3WPId2PL81--HNs11wUffDp06TIJxlvrIdidu1fQ_8l6hBK9fKz65soG8nC2XtjoPU6dBx7JtvYyA-C4Vk-Fcr_H0zo9XHGgAWYgcqtDN_UsguP7dcCdfe5f9O79jOqF0TcKIRGMKyGgOGK2F2BNtfzg?session=0&fife
AO24,Alberca olímpica,"Río Churubusco y División del Norte, Col. General Pedro María Anaya, Del. Benito Juárez",II,19٫358,-99٫1539,N00E,106٫39447,V,47٫91651,N90W,119٫65177,https://doc-0g-b4-mymaps.googleusercontent.com/untrusted/hostedimage/3nvmt8q5lv2g1r89cq9t36sf1s/ndqbod2frs1j81n937l1hqtt2s/1649790132250/xmn2Ayk59Aaq_NK2Wpwf-CQc8UUGte0m/12960308126290440993/5AIsG_vbUTn8HnLBcv127_FaCIug9plNIyWA9-3s0_ktKRsTIB_BirE89G-B93Bz12Wbq1q9RRLY1aWBfC72vJdJZvXMLK_TzSwbzzG5XfJ4Fh1BMJP4U-W-3KX9q5FaSa99wIsOb5SeP8VStpabIKWKRQrSub2VFFHQUezbXz1yR3-DjJOpl5WpWx0JoS1ku82Wpz20?session=0&fife
AP68,"Jardín de niños ""juan B. de la Salle”","Calle Canal de Apatlaco y Ahuehuetes, Col. Santa María Purísima Atlazolpa, Del. Iztapalapa",IIIc,19٫3809,-99٫1068,N00E,115٫22773,V,81٫39642,N90W,133٫94893,https://doc-00-b4-mymaps.googleusercontent.com/untrusted/hostedimage/3nvmt8q5lv2g1r89cq9t36sf1s/4i0kh13nivplsn5pkvd2u8kld4/1649790132250/xmn2Ayk59Aaq_NK2Wpwf-CQc8UUGte0m/12960308126290440993/5AIsG_vZNgPiHISst4NcwEztrx2bgr29qQWcss0h8GAeiaZ2OvcvuopaTFo9krSvm_bo7QwPzjyXL9Da5ylZkXQ7-8psQY2KSxftJKeF834-f2E-Sj8YYIJ8oJ6aCcTS8_PpUGyHO6uCUaNTcLJ0r4QKpgnYZ7IGLd5yjvvkxRWp9AigfGXZWj1whE24pK6HsBpJCSbA?session=0&fife
AU11,Autódromo,"Cd. Deportiva Magdalena Mixhuca, Col. Granjas México, Del. Iztacalco",IIId,19٫3919,-99٫0869,S00E,72٫1055,V,35٫16766,N90W,90٫45442,https://doc-0k-b4-mymaps.googleusercontent.com/untrusted/hostedimage/3nvmt8q5lv2g1r89cq9t36sf1s/irqqrkp2h9kv5bj7gvnh37o8a4/1649790132250/xmn2Ayk59Aaq_NK2Wpwf-CQc8UUGte0m/12960308126290440993/5AIsG_va75JaNbsY5juaAeNeezR8uN5VHpkoPCwZZbgjPgA6s7elb7vXqJjRf75KCdnxbsl6fvUmpWCZ-9JUTz0ZAOvuhmHrLfmGYqcAlfhAV3PBM3E3czI3JhqE7vgnWo4cxo7b25E5xb0pCmHIemoMsDqUUHYM-1-PTeXUQf-1iZ-H9LI5Dro3VhqTXuPLHwYEsHNw?session=0&fife
AU46,Esc. Sec. Téc. No. 14,"Calle Angel Urraza y Coyoacán, Col. del Valle, Del. Benito Juárez",II,19٫3832,-99٫1681,N00E,77٫2866,V,33٫44356,N90W,94٫89166,https://doc-04-b4-mymaps.googleusercontent.com/untrusted/hostedimage/3nvmt8q5lv2g1r89cq9t36sf1s/b42nm6igiifeovp1dc6m21ulig/1649790132250/xmn2Ayk59Aaq_NK2Wpwf-CQc8UUGte0m/12960308126290440993/5AIsG_varULLUB19rwUPGJi9rdLfO7ojEl_gMbN8tZ_DHKpWkr3kudEQb4MbD7ayRHZbrlI31pz7V7TrBXlKG4oEFwN4UudKaQnxq_xmJ6io-dbYuLB65gcWb96lGzqK2_WZIYMXdjr5j9mYJ-8IVR3WtMYk1eHJ502dW3t01RAZZ0BIe21hGNwBRcS7hbZdqY3t8aLU?session=0&fife
BA49,Buenos aires,"Av. Lázaro Cárdenas esq. Con Calle Dr. Márquez, Col. Doctores, Del. Cuauhtémoc",IIIc,19٫4097,-99٫145,S00E,88٫93823,V,30٫64265,N90W,113٫16128,https://doc-14-b4-mymaps.googleusercontent.com/untrusted/hostedimage/3nvmt8q5lv2g1r89cq9t36sf1s/5uqundfirg91m4p32rbnfvo74c/1649790132250/xmn2Ayk59Aaq_NK2Wpwf-CQc8UUGte0m/12960308126290440993/5AIsG_vaX1Vmltk_heGqR8qI9Sg5XTyYcL8s1F9jxvcMlfu0ASZCESiRzSOM_GC2vT4Qc01vfM5S8lICqz-3lo1fpdFd_6gSmc_Qd1SHM5fP5p8m101eOJav7lWjB5Poy-1MPWcI03u2KV9yqdNc1r5pIsbn165OAEI-Ag17Jil_y3z0tQdYdnlf_rZqrbQuHZvjUAmk?session=0&fife
BL45,Balderas,"Del. Cuauhtémoc, Col. Doctores, Av. Niños Héroes esq. con Av. Arcos de Belem.",IIIb,19٫4253,-99٫1481,S00E,102٫27312,V,39٫70041,N90W,114٫47396,https://doc-0k-b4-mymaps.googleusercontent.com/untrusted/hostedimage/3nvmt8q5lv2g1r89cq9t36sf1s/uo2plftlo2iohlv81u4bngusik/1649790132250/xmn2Ayk59Aaq_NK2Wpwf-CQc8UUGte0m/12960308126290440993/5AIsG_vZ_Q0iXFKmAKsch2kBt25C7V8eunb9plyxUyMqZbvJrJDN4Wltzg_ggqe5QKB0FEd1e3c_Kgyb5NfpyDkq1B4NZcsjHT9DjoTa-s8EScUNmdZIzFVYx3I-ccY8GBdV0JTUaFyDlgLZfk1yLRZkdgBfSN_Q_hadlzNsTrBKMl1sO-I9mL79JVDeq8zAb8V1qXGc?session=0&fife
BO39,Bondojito,"Del. Gustavo A. Madero, Col. Faja de Oro, Av. Henry Ford entre calles Norte 72A y Norte 74A.",IIIc,19٫4653,-99٫1047,N00E,77٫91325,V,24٫11212,N90W,95٫14325,https://doc-0g-b4-mymaps.googleusercontent.com/untrusted/hostedimage/3nvmt8q5lv2g1r89cq9t36sf1s/jiohumjlghfnuo0p0enh1sbqq8/1649790132250/xmn2Ayk59Aaq_NK2Wpwf-CQc8UUGte0m/12960308126290440993/5AIsG_vbZRtUlmG8uxqb0NQLCLMT0f9XUyjInlOACgPv6u0ZHF-xtUaAHJ3Lo9ooFiJ7tuJPKelAZxmpUYkeyU6bSFJE6EHpxcAJP_PP8okO_2cAsiwg3kHuXisoiEOV3D17jOIDriSp24XsWwTSYGV7muNTTC4KQGfVKtxvHUB2wbfb7x8Uw757l-nbLkc-wI9Fs8gs?session=0&fife
CA59,Candelaria,"Del. Venustiano Carranza, Col. El Parque, Av. Congreso de la Unión Entre calles Sidar y Cecilio Robelo.",IIIc,19٫4258,-99٫1183,S00E,83٫50424,V,35٫61812,N90W,89٫83383,https://doc-0s-b4-mymaps.googleusercontent.com/untrusted/hostedimage/3nvmt8q5lv2g1r89cq9t36sf1s/275h9qeb7bj409iuvk4lqlko1g/1649790132250/xmn2Ayk59Aaq_NK2Wpwf-CQc8UUGte0m/12960308126290440993/5AIsG_vZ-gmZjv-CvZatBp4bcLUEog1ivm53oCSwvoyZpVyH9jhZGut4MlH0LSdxozEfngIM9xIfDLfme0RhZR4SkjCakYMhyQD10arQMRXqCsLv8u_lHBSVDPQe39l4Vf8sukwokcDAP2Ya5UsD3p9Yy3VP_c92E0FwuyXjDEy_NxwmwHRJhnO3-Mh6L0IZb96d2Qws?session=0&fife
CE18,Esc. Prim. “Ramón Espinoza Villanueva”,"Del. Iztapalapa, Col. U. H. San Nicólas Tolentino, calle 3 entre Carril y Estrella.",I,19٫3398,-99٫0847,N00E,72٫73564,V,29٫6702,N90W,51٫05899,https://doc-04-b4-mymaps.googleusercontent.com/untrusted/hostedimage/3nvmt8q5lv2g1r89cq9t36sf1s/ngdpbsf7o6il6abbov6buj91f0/1649790132250/xmn2Ayk59Aaq_NK2Wpwf-CQc8UUGte0m/12960308126290440993/5AIsG_vZVY2-thGHSV2Du0o1yh0TQwqY1eHgN4oZ8EnXKFd4umNIvVekHKjsH2ibRxg3V4FQpbg0NuFNaum9TYyCnJ1ktV-rZHGgvRsSE3YTtNJlb-beEKOD0iH2GQ_QASyrSMU69gbWLK-xHApCb_tf0jCBRlpsd4l-TDRz1OEkRgONmGgqxsa_-JMAXHJH2IJRxV7M?session=0&fife
CE23,CETIS Aragón,"Del. Gustavo A. Madero, Col. U. Hab. San Juan de Aragón 5ta. Secc., Av. 412 entre Av. Taxímetros y Av. 608.",IIId,19٫4619,-99٫0642,S00E,52٫09163,V,26٫54523,N90W,59٫98714,https://doc-0g-b4-mymaps.googleusercontent.com/untrusted/hostedimage/3nvmt8q5lv2g1r89cq9t36sf1s/if8nk12julp0nh7ieensf7nm9k/1649790132250/xmn2Ayk59Aaq_NK2Wpwf-CQc8UUGte0m/12960308126290440993/5AIsG_vYWN6zOoNUmQb31OCcj1LXlxodBRgaDfb_5yPEotzvAw0SqvhYWjBEeKKNs37E0D4ffGLc_0NkfI83dOBIxqqmGNvlT2uYfeWsQXE_YwzDi3zua3X53snEM1ttzvtibepRHrA4ruD6TrdIdwHTqOu-gfRMPvL6dUARo4yARQtduAGieBtyStCBKyaAJPdWnxQM?session=0&fife
CE32,CETIS no. 57,"Del. Iztapalapa, Col. U. H. Ejército Constitucionalista, calle Verduzco, Entre Av. Tepalcates y Av. Revolución.",IIId,19٫3858,-99٫0537,N00E,80٫38773,V,35٫7721,N90W,76٫75866,https://doc-14-b4-mymaps.googleusercontent.com/untrusted/hostedimage/3nvmt8q5lv2g1r89cq9t36sf1s/7lrsd8esmkq5mjjj1h1vcjtroc/1649790132250/xmn2Ayk59Aaq_NK2Wpwf-CQc8UUGte0m/12960308126290440993/5AIsG_vYL6xwrMLpQWV3oD3X7vpifRJWXGrRDbBxhWyD9wZmZGhrEhko_R0lhLSTHFpigAG0XWcw9VpQ9vz3rkdG9--rsEgNXm4DY_ZUM_qxSNrF_zk772xvhX5y1DuD_gBJUcieIdmyyv44PpuSYr2l6wj-_2WfgtRdgXdYPFAtDrtgsWAv3pg4IiyBNGSBw1n1jQo4?session=0&fife
CH84,Culhuacán,"Del. Coyoacán, Col. Ampliación San Francisco Culhuacán, entre Calle Ejido Santa Úrsula y Ejido Culhuacán.",IIIa,19٫33,-99٫1254,N00E,148٫95962,V,83٫80995,N90W,225٫59915,https://doc-10-b4-mymaps.googleusercontent.com/untrusted/hostedimage/3nvmt8q5lv2g1r89cq9t36sf1s/l7r2c4o3rfkst1rsm34j6b5dlg/1649790132250/xmn2Ayk59Aaq_NK2Wpwf-CQc8UUGte0m/12960308126290440993/5AIsG_vb_NGDZVGzyG-7ht0Uc4q6nX73kW2bZt1JdSTUCnBUZ3hl77aJ6bDBugXObG9FrTQdXDis_E2mlJPcV1T0aIipBlkpYXBvXnq70TwFXpsi2BHCIXNHjmHiRY1UUtoQQE91TLnsV2wKVokiiqUhUHjsvxFD-h5vJhjyktvLnsL7a2--PUb49xKgCRIBVf3HHfc8?session=0&fife
CI05,Cibeles,"Del. Cuauhtémoc, Col. Roma Norte, Colima , entre calles Oro y Medellín.",IIIb,19٫4186,-99٫1653,N00E,113٫31878,V,51٫19687,N90W,114٫24343,https://doc-0o-b4-mymaps.googleusercontent.com/untrusted/hostedimage/3nvmt8q5lv2g1r89cq9t36sf1s/n458skkk7ar8njbbajqt3cit90/1649790132250/xmn2Ayk59Aaq_NK2Wpwf-CQc8UUGte0m/12960308126290440993/5AIsG_vZ6mpJJN7iKM4f6H3jKbXjPVqcpYwjIu-Hr6yLieegd-p_1Xk6fiU_05mnYeOKF2WN2Lxw2CIcZ85YKP1Dve2YHCE0S0JafTLHs1FpJlCr16orFL6zyzpxHiWhc40x9oLHo0wGp9Emzp1cIrEcaNjuw84bJsXb2iSa_LWzQxAMHbrbAKqdFsbf1HaW3E1A8WAc?session=0&fife
CJ03,Centro Urbano Juárez,"Del. Cuauhtémoc, Col. Roma, Prol. Orizaba, entre calles Antonio M. Anza y Huatabampo.",IIIb,19٫4097,-99٫1567,N00E,111٫99449,V,36٫3878,N90W,98٫0309,https://doc-0k-b4-mymaps.googleusercontent.com/untrusted/hostedimage/3nvmt8q5lv2g1r89cq9t36sf1s/89g9nkprvbqhi84pi3a0sraark/1649790132250/xmn2Ayk59Aaq_NK2Wpwf-CQc8UUGte0m/12960308126290440993/5AIsG_vb5foL38D70H7eeJikQWxbvnQQyxf9nSw2tqoAAVQZZwQOC-SAj5KQRlzoll7kc56soYFDceOl0ZHBPHx6Cwk_ptdcY2zp53BibALssoOVin1eqlzlYxG9cqASRTeUSi5rJ7tmH42qMhFQtI51vr0uiWiagtI-cEPfoOdOL6QzodIdhmxgzVziZ3vCdwR9w7uU?session=0&fife
CJ04,Multifamiliar Juárez II,"Del. Cuauhtémoc, Col. Roma, Prol. Orizaba, entre calles Antonio M. Anza y Huatabampo.",IIIb,19٫4098,-99٫1566,N00E,123٫92777,V,34٫77837,N90W,97٫064,https://doc-00-b4-mymaps.googleusercontent.com/untrusted/hostedimage/3nvmt8q5lv2g1r89cq9t36sf1s/ke7b9fji2rrjsa8kcl8lhvll84/1649790132250/xmn2Ayk59Aaq_NK2Wpwf-CQc8UUGte0m/12960308126290440993/5AIsG_vYDZsAXppBBQ5UFpVykP90kLk43OpLEYee1VUssXKtBYmSX7Kip6ihwPN3v3QwoZaLXLbyPKYXq2OYqBglGfnRyliXmYJSvwiBFFD-VPDU9z2iVYDSAoFKmJVEo7lOlOWnpK2dN2tDWavQ-kOjHQevudWGsBsz8Vi7Jl4gDxQNbbAipYgLkxygIVh1g7y4A9sk?session=0&fife
CO47,Coyoacán,"Del. Benito Juárez, Col. del Valle, Av. Coyoacán entre Av. Félix Cuevas y calle San Lorenzo.",II,19٫3714,-99٫1703,S00E,71٫96151,V,30٫59419,N90W,93٫95585,https://doc-0c-b4-mymaps.googleusercontent.com/untrusted/hostedimage/3nvmt8q5lv2g1r89cq9t36sf1s/ndabl8b19t526gl6ile34a4q1k/1649790132250/xmn2Ayk59Aaq_NK2Wpwf-CQc8UUGte0m/12960308126290440993/5AIsG_vamN6AoSslxQTsV7xtmghiBD6wd5R2MzX9sfJOn37BEmGnnUQMntoThIDN2ZolYPws5CCLSdfmci7InJBBXKYM52VyIBqeFslScbuXMhKs0abXEeyEFGaSRK2EWihjMSUzxeUi0TR_mYlzszbKUhbMhMlo3QsLzAMkRMWDLnmL7GZnY-Q-77YZvveMf0Kzk4Ro?session=0&fife
CO56,Esc. Sec. Téc. No. 18,"Del. Cuauhtémoc, Col. Roma Norte, Calle Córdoba entre Colima y Tabasco.",IIIb,19٫4215,-99٫159,N00E,109٫76185,V,53٫81906,N90W,113٫99171,https://doc-0g-b4-mymaps.googleusercontent.com/untrusted/hostedimage/3nvmt8q5lv2g1r89cq9t36sf1s/7n66jdu1te92nss6fkaullrjc8/1649790132250/xmn2Ayk59Aaq_NK2Wpwf-CQc8UUGte0m/12960308126290440993/5AIsG_vbmEsu1z02ldGf_lMclt3_XL6oecNcs4OSmoNGjnerJvXeRzYARCNJm2BkDi4mogkKdTeU0Av1QSUejRNxYjer3jgXmSWQyc0_rtSODcf4wS1cKF8n5zA6X77ZVRaPdrUM3YY8SsjQpAn9wlhQ2wWzQ3J0N87X4Kv_sJWdvJVPOGVkTS6YGiNOnQqx9Zl0UFsg?session=0&fife
CP28,Cerro del Peñón,"Del. Venustiano Carranza, Col. Peñon de los Baños, calle Morelos, Esq. con calle La Paz.",IIId,19٫4385,-99٫0839,N00E,90٫28983,V,81٫15373,N90W,133٫43816,https://doc-0c-b4-mymaps.googleusercontent.com/untrusted/hostedimage/3nvmt8q5lv2g1r89cq9t36sf1s/a8esq14qn8633oqjs18cbstn7k/1649790132250/xmn2Ayk59Aaq_NK2Wpwf-CQc8UUGte0m/12960308126290440993/5AIsG_vYESH6a0UjceNp6--npN17LgaQD1C7vHeDb5zhS0Wz7clCQ9h_YhQu3m9qFxvbEfheDlKM1j_B1EitJRF7yWHJw--eJ-y2usP7qzgNKfFVNSz5xeuK4KLPUcfXLlJWTXzvF57GAFNz0O0EDY7Ynwnj3ZZ7OlQutGvhtWwz8THgoTLODAwZo1ZYHTh3o6zQgH6s?session=0&fife
CS78,Esc. Sec. No. Téc. No. 243,"Del. Magdalena Contreras, Col. Colinas del Sur, entre calle de los Corceles y Corrido.",I,19٫3656,-99٫2262,N00E,87٫00547,V,57٫99408,N90W,55٫51598,https://doc-10-b4-mymaps.googleusercontent.com/untrusted/hostedimage/3nvmt8q5lv2g1r89cq9t36sf1s/dfcs88caonnd1ttb9fnpqljt00/1649790132250/xmn2Ayk59Aaq_NK2Wpwf-CQc8UUGte0m/12960308126290440993/5AIsG_vaGMka8Fyk0mtBdYURlJveH5lt-8HpyBqeoSLwVgkW-RYMSqkTRHvF5_lPi9ak-z_2lamd6MrEoLiKDtSMJixJLVQQXpOwIGki3jEDLtRm60O1bBaL3qIU_fiO8JW08rbeTMm4wnypFtVsiVSWHO2_bAg1rOkRUXvnubEYXFXrefI1Cr6xI6XL7_k6IMLOet2g?session=0&fife
CU80,"Esc. Prim. ""Aurora López Velarde""","Del. Tlalpan, Col. Unidad Habitacional Hueso, calle Hacienda Torrecillas y esq. con Anillo Periférico Sur.",IIIc,19٫293638,-99٫1037,N00E,144٫06778,V,41٫72248,N90W,168٫30129,https://doc-0o-b4-mymaps.googleusercontent.com/untrusted/hostedimage/3nvmt8q5lv2g1r89cq9t36sf1s/upengnsbcftnccupf6iftc94c8/1649790132250/xmn2Ayk59Aaq_NK2Wpwf-CQc8UUGte0m/12960308126290440993/5AIsG_vb_41nOuB-ZqW-ykToe3_kho9j1vyAOZFbpgcRQHXs_b1kV22DsOamOYPadABG_1HdCeYNX9Ziu85_jAwUGm88HQmfCV5xaB_8bpROV6B6o11agw0TXOwWfaRGi-uq0HWJxVDqUH67Cy6EOEsOv8Nsd0B8iV7VTosn3PBKY6jSIP7O2HqO97mepAAEftIMuN9w?session=0&fife
DM12,Deportivo Moctezuma,"Del. Venustiano Carranza, Col. Moctezuma 2da. Sección, Calle Norte 25 esq. con Oriente 160.",IIId,19٫4312,-99٫0963,N00E,87٫53602,V,41٫02607,N90W,90٫51612,https://doc-04-b4-mymaps.googleusercontent.com/untrusted/hostedimage/3nvmt8q5lv2g1r89cq9t36sf1s/c4dhf4n9m6p7ocl545an9gcul8/1649790132250/xmn2Ayk59Aaq_NK2Wpwf-CQc8UUGte0m/12960308126290440993/5AIsG_vYbpXSTClQ7jocdpUrhpUI-J9Iyrs0ZJgRXg400yRTp0kr6YBZJpy681wM3GCGcmDLdv1WD7XUQehBIMbmSOkP6spVg7_AfUwHmUzOPn-rxzdpphOpNgkTelX18t2YoZuoQZ0Vh48baqvEO47w3YaP8pOr3OxRMxVd3cD_Fgxg5wAot7fTKfnSLFK9wYwrJimM?session=0&fife
DR16,Deportivo Reynosa,"Del. Azcapotzalco, Col. Nueva España, Entre calle San Pablo y Eje 5 Norte.",II,19٫5005,-99٫1829,N00E,71٫00992,V,25٫0948,N90W,77٫17395,https://doc-0s-b4-mymaps.googleusercontent.com/untrusted/hostedimage/3nvmt8q5lv2g1r89cq9t36sf1s/2brq1ojagpvm000bk1l1rpp2q8/1649790132250/xmn2Ayk59Aaq_NK2Wpwf-CQc8UUGte0m/12960308126290440993/5AIsG_vYHa0ox9umjcoiMuLwhRlMvZJHRFNDKCygq8m7Q9F9jtkiMQb3T-zjUdDcvCRkv93tuwEguzNyf-hM6dVcxkuCeEe8Le5haxZbxlyMf_bDEYUs906i_CZS0RB_m_Q2467ShUAkmTaaCgm_LHF7DW6ocLHRcgol81wBFdoKpfrYhDL0OJ0CcB1cA7Fss0ws5blw?session=0&fife
DX37,DGCOH Xotepingo,"Del. Coyoacán, DGCOH Xotepingo, Col. Ciudad Jardín, Av. División del Norte esq. con calle Xotepingo.",II,19٫3322,-99٫1439,N00E,187٫72643,V,52٫37194,N90W,123٫94107,https://doc-0s-b4-mymaps.googleusercontent.com/untrusted/hostedimage/3nvmt8q5lv2g1r89cq9t36sf1s/mc6kikqjm2hh3idnp0sd7dai00/1649790132250/xmn2Ayk59Aaq_NK2Wpwf-CQc8UUGte0m/12960308126290440993/5AIsG_vaHJnKsIwmnafDc7SseKdXCCL-fif5-xiO3cbwPQF1RmQeBz2Km65DlEwsffqQms93NCJsUdteYxZK7rdsA22bCxDVuueyeRYUGO54coNEGw1vVrXhBV7q1DmrlbGfU2l3pEqS4c-FJr0kVqz2aK0eFa-Y4tPLDrazF2EWIKepqh1MlZ9ZqpHjdt_4KN9adYww?session=0&fife
EO30,"Jardín ""Esparza Oteo""","Del. Benito Juárez, Col. Napoles, Pensylvania entre Georgia y Alabama.",II,19٫3885,-99٫1772,N00E,67٫50707,V,34٫5288,N90W,82٫13213,https://doc-0g-b4-mymaps.googleusercontent.com/untrusted/hostedimage/3nvmt8q5lv2g1r89cq9t36sf1s/i0nnhurauroq6jmnihddmnlbf0/1649790132250/xmn2Ayk59Aaq_NK2Wpwf-CQc8UUGte0m/12960308126290440993/5AIsG_vbyu854kieqOCk68QLaj6BmEBR218pzBWOzgYOl77MHWO5G8K6aFZwaIWAwGjvF22wVPqhFcWNBjtoals1cfArNjiAR_eJVstt2h9CP7O9DGTfn9CjuXAe7SDAjCg8_5Gwo4fGQO7HYur3-Q4WXrGJTLzG7MpxQRP1v0M1-sSwIMbAnxgRRUOMgbxksa10_dDE?session=0&fife
ES57,Escandón,"Del. Miguel Hidalgo, Col. Escandón, Calle Comercio esq. con Calle José Martí.",II,19٫4017,-99٫1775,S00E,70٫49698,V,28٫19031,N90W,83٫91052,https://doc-08-b4-mymaps.googleusercontent.com/untrusted/hostedimage/3nvmt8q5lv2g1r89cq9t36sf1s/9u7o5ks0jl3cqed6mjlv0oppng/1649790132250/xmn2Ayk59Aaq_NK2Wpwf-CQc8UUGte0m/12960308126290440993/5AIsG_vbx6zTq857ttPPV-RIMTaSS9i1xjefHDbOqZ0oK_gZd6gc4DGcAXLKAR5s26aFn8lAM8-ML7SYqZT1bVvJfhPRVy0wttKkpo3SNoO9v7zad_xEpb_dEQWhccZkPjTEIU9FIMimQZeTWjU-r4IVSe7TBC1O1JU08F2ZQcDuy6mxRi2WWIT7c0LxD0eZbdnfY-iA?session=0&fife
FJ74,Fundación Javier Barros Sierra,"Del. Tlalpan, Col. Jardines en la Montaña, Carretera al Ajusco, No.203",I,19٫299,-99٫21,N00E,92٫16382,V,50٫05177,N90W,91٫05649,https://doc-08-b4-mymaps.googleusercontent.com/untrusted/hostedimage/3nvmt8q5lv2g1r89cq9t36sf1s/196048cv9c6b7jl363acg84ovg/1649790132250/xmn2Ayk59Aaq_NK2Wpwf-CQc8UUGte0m/12960308126290440993/5AIsG_vY_8mt8Ky-t3qWwAX7TbmE-Aek82c4gdtw3L2DM-PquGpOmXuZ6ZjHT7rzP4n2UnOq5JzoVjMUGFz97U5XayWSjAX9H_C0wOGJ1AxFWHbR-ntRWr_CkHPykMQUfaPggg_qOLHGxhdM8YDC4NF3sPa-rvpwYS5LNMBWtgVyOu-3e_8ym2ZcUuxNfR8VxTnNky54?session=0&fife
GA62,Esc. Sec. Téc. No. 2,"Del. Cuauhtémoc, Col. Guerrero, Calle 2 de Abril entre Pensador Mexicano y Mina.",IIIb,19٫4385,-99٫1401,N00E,97٫06874,V,33٫6615,N90W,84٫03455,https://doc-08-b4-mymaps.googleusercontent.com/untrusted/hostedimage/3nvmt8q5lv2g1r89cq9t36sf1s/4vln95h1e0u0ncdnn49lk13l6o/1649790132250/xmn2Ayk59Aaq_NK2Wpwf-CQc8UUGte0m/12960308126290440993/5AIsG_vboCIY2ixXGaRxhMFvHxei7Z9fqtiHKKuWTmMjzKw41KEmy7v0kW5IgJS1aWnCshAco_lfzVXXTkKrS06SKnqfKQe8ikRCBU5Vj8L70yZSI6uzGECvnMmZnh7Xcbu56e6xbBS9AejG8MxulF3d8VwbDf23bN0xys7m5R90MwfX8z_By56uVe9qExzPZMtUtM90?session=0&fife
GC38,"Jardín de niños ""Luz García Campillo""","Del. Iztapalapa, Col. Culhuacán entre Juana Medina y Guardería.",IIIb,19٫3161,-99٫1059,N00E,125٫62416,V,43٫17244,N90W,124٫19848,https://doc-08-b4-mymaps.googleusercontent.com/untrusted/hostedimage/3nvmt8q5lv2g1r89cq9t36sf1s/isg7g1vq2n7hsq9f2u2fjnop6s/1649790132250/xmn2Ayk59Aaq_NK2Wpwf-CQc8UUGte0m/12960308126290440993/5AIsG_van5ah0EWSQvXaYZ_MXNw7zqVMWT9DRUXfIzknWfmJW0bCJv4OCZJMzqFSwGNxTxp3JqjerItv2wkpCp7gO5W91ry15UmDjwJLD0xTEMjpDtBkPNGhbeuRpUo8NgAt4gBnpCfHM41oAiTMZ0WtgvPP507N2WsjCSYHnbjZBfTMgmnur7qABI16uHS-aqlkl2Oc?session=0&fife
GR27,Granjas,"Del. Azcapotzalco, Col. Sindicato Mexicano de Electricistas, calle Norte 87 esq. calle Aspiros.",II,19٫4747,-99٫1797,N00E,84٫67205,V,44٫76974,N90W,119٫63374,https://doc-04-b4-mymaps.googleusercontent.com/untrusted/hostedimage/3nvmt8q5lv2g1r89cq9t36sf1s/4tpp2ir6gq7n69c9fsqrk76o0s/1649790132250/xmn2Ayk59Aaq_NK2Wpwf-CQc8UUGte0m/12960308126290440993/5AIsG_vbUF5F-RUUnTK-c7Abx8QlDPEzJ06AND_VXcZqP7BOomKPWG65up5imXB25gx14hawKszPHBzXNvdOczYDYlDQmRE4Nvp0OgMknj0mU9CGQbcqRPqJv2mOOrScAJUDURsfDGqu5muKC1QqqIL1PocYe9AqsE5zSp5haELRcK8WiSQ1KOvGEZTxOAg5jRCy-610?session=0&fife
HJ72,Hospital Juárez,"Del. Cuahtemoc. Col. Centro, Hospital Juárez entre Fray Servando y San Pablo.",IIIc,19٫4251,-99٫1301,N00E,90٫33405,V,40٫60182,N90W,96٫40245,https://doc-10-b4-mymaps.googleusercontent.com/untrusted/hostedimage/3nvmt8q5lv2g1r89cq9t36sf1s/4o0kdgdivebplbbmptv0713vb0/1649790132250/xmn2Ayk59Aaq_NK2Wpwf-CQc8UUGte0m/12960308126290440993/5AIsG_vaNslB3bENBGy1HE8bf21gLempFyqKgUve24logh3HPVwNCcCvyji83bYvfdkVCXvUWBrKaLxuNWFuSWNIHGLr8tX9f1Yo1F-bJVcV2e--phRhNCQWFifuGLhQT1qkmwxnahhJahYtd0WvVAqGansEgD2m8pDnblZYrhT2Adk4p75HBrvX_lAQhWO_U809Apqc?session=0&fife
IB22,Esc. Sec. Téc. No. 95,"Del. Coyoacán, Col. Campestre Churubusco entre Cerro del Crestón y Cerro Mezontepec.",IIIa,19٫345,-99٫1297,N00E,119٫01291,V,46٫21105,N90W,160٫88158,https://doc-0k-b4-mymaps.googleusercontent.com/untrusted/hostedimage/3nvmt8q5lv2g1r89cq9t36sf1s/87d5n935e4tgh33i02p5b4q6u8/1649790132250/xmn2Ayk59Aaq_NK2Wpwf-CQc8UUGte0m/12960308126290440993/5AIsG_vZvrHrhD7HsbuOFDae3tJmIjX7OWKUQlY4gdilUWbpb0Ecx0kfFL_V5RFY7CoRjTu8CGLmqGfVVqKOK2EPOhz8NHwx7xCal-7zywA7eeWsjDBzKoh5535ZgM7uMPeXfErHyM5UYrYoK7EH5ImNYVIq18IeATkkaxA_7V6BZc7c5kiPVsi6wAI9qzNCoYI2zgMM?session=0&fife
JA43,Jamaica,"Del. Venustiano Carranza, Col. Jamaica, Calzada de la Viga esq. Con Calle Guillermo Prieto.",IIIc,19٫4053,-99٫125,S00E,82٫88423,V,47٫82641,N90W,106٫28628,https://doc-0k-b4-mymaps.googleusercontent.com/untrusted/hostedimage/3nvmt8q5lv2g1r89cq9t36sf1s/k9agnk9qf67norbnlikp8etn04/1649790132250/xmn2Ayk59Aaq_NK2Wpwf-CQc8UUGte0m/12960308126290440993/5AIsG_vaWu1HyeuynNtfEm6RdacWQV_fm19cATOwVoYTz5eLjIoyC9r0JvhdVKdxhvuNYaWK3pRgsnpYV9rfb1sc3RcCo0t0bLhD09NXZyXx23mVbUJQOpErOFZGnVNHMQfAR4I4KB195yfrveO28s0qZTs8CKER7hpbXxd-yncSVtDHdowMsyZWUuAfUwrydlK4EriA?session=0&fife
JC54,Parque Jardines de Coyoacán,"Del. Coyoacán, Col. Jardines de Coyoacán, entre calles Dalias e Iris.",IIIa,19٫313,-99٫1272,N00E,220٫26671,V,59٫85458,N90W,204٫10569,https://doc-0o-b4-mymaps.googleusercontent.com/untrusted/hostedimage/3nvmt8q5lv2g1r89cq9t36sf1s/cpanikq5mup3a946h4o9m0rlo0/1649790132250/xmn2Ayk59Aaq_NK2Wpwf-CQc8UUGte0m/12960308126290440993/5AIsG_vaU8lnZyDLJJTgo0Vw58FAwJ4UOGkf-_CikDjA5dZ-N9Jexpa-5Mmict3ukQZ3XCUbqeo3ex4K6qa4vTv4DXvLo-B6uEZXKJW5OyABXQjb5mzW1AzxQdDSw-wd3pOEKn_KRN4IOFlZ24Zczgm0qpptgR95TTD8shdJCJv-qvEGtKz64Z1H2glUhlPwWKV2ftcE?session=0&fife
LI33,Liconsa,"Del Tláhuac, Col. Santa Catarina. Av. Santa Catarina esq. con Eje 10 Sur.",IIIa,19٫3064,-98٫9631,N00E,137٫93052,V,65٫25584,N90W,113٫3813,https://doc-0c-b4-mymaps.googleusercontent.com/untrusted/hostedimage/3nvmt8q5lv2g1r89cq9t36sf1s/5heo5shdbkvij4p9jj5gunudn0/1649790132250/xmn2Ayk59Aaq_NK2Wpwf-CQc8UUGte0m/12960308126290440993/5AIsG_vZubOMfNbrz21gGkMpE4mE3F9h608Bg3kspcM6-gtHxuAsFi2o1oHehDTljUOpAexmB0vFivfTCIX5IWiaJkT6LiTiYZRms0dxTF0WukcNYPcpHXfkEIAFlVuLKABNrHBIx5yuMY_RF-3niWC4ULTXyYetc449oWKuXIZH2jsVvi6ERrSeOO0lMeXS2KhEPXXg?session=0&fife
LI58,Esc. Sec. Dna. No. 23,"Del. Cuauhtémoc, Col. Juárez, Calle Liverpool entre Génova y Amberes.",IIIb,19٫4263,-99٫1569,N00E,95٫8086,V,51٫12188,N90W,89٫90518,https://doc-0g-b4-mymaps.googleusercontent.com/untrusted/hostedimage/3nvmt8q5lv2g1r89cq9t36sf1s/p54e28aflce41ahe6uce64ru6o/1649790132250/xmn2Ayk59Aaq_NK2Wpwf-CQc8UUGte0m/12960308126290440993/5AIsG_vbeBkXuBtXQ7PELgEyExrYESflIsZljkpm2HHODfzHR5wx_O_PDLQv_jDBq9J7w8JpWGYbANaffocSQeA-uhwqJSPmLRVU5jo_EJszQHPUPjxXnpbYuwrEzUwTF24EkYJKi9r49fmY606QLSIF3LB0gPu6SP8lZW9rZlxy-p_0gqA4LelvZ9ruXCR4KfpETp9M?session=0&fife
LV17,Lindavista,"Del. Gustavo A. Madero, Col. Lindavista Av. Lindavista entre calles Matanzas y Lima.",IIIa,19٫4931,-99٫1275,N00E,123٫01647,V,25٫92726,N90W,104٫13809,https://doc-0o-b4-mymaps.googleusercontent.com/untrusted/hostedimage/3nvmt8q5lv2g1r89cq9t36sf1s/cd1vihikejbiloh7jqo70gdhfk/1649790132250/xmn2Ayk59Aaq_NK2Wpwf-CQc8UUGte0m/12960308126290440993/5AIsG_vZzTouTw-_fHZpA15HCsii_3P1VqKHgxyaB4e2oQunhtFFlUvFHdf9MiJx6MqXvsJJ2UMisOCcK5jl13N6RKFXu5qXAPRCayTsRzHr9v9fPSAfEbl7HcJAp5g-PI2SzhPxmhvxT66Wwm06yblZ66xlaglVQ_OnAnhVbQZvVr1d79FxtHEpeBwNONib1TtWKIJs?session=0&fife
ME52,"Esc. Sec. Téc. ""Rafaél Dondé""","Del. Miguel Hidalgo, Col. Anáhuac, Calle Lago Alberto entre calles Lago Xochimilco y Lago Muritz.",II,19٫4383,-99٫182,N00E,62٫80329,V,31٫70876,N90W,72٫16362,https://doc-0g-b4-mymaps.googleusercontent.com/untrusted/hostedimage/3nvmt8q5lv2g1r89cq9t36sf1s/lsshqqjgt3jdu039v0iennnfjc/1649790132250/xmn2Ayk59Aaq_NK2Wpwf-CQc8UUGte0m/12960308126290440993/5AIsG_vZKNcVjRwAD4-9eiYknHSLfrqngSfotGQeMnRCKp-Vyr2_Fnheb_g2HtCfCH0gZbXCinjwTJx7Rcd-8rPou8Q2blLYrijsOU4JxdBQPz-GUZUZ4Hi8d464aFuJzxep92v_GMArfmCPREML3O9N6XDU4Yb0zb5BXME3fYTx6GMZs3i4tnZUC8du8_JHxmzRb0KI?session=0&fife
MI15,Miramontes,"Del. Xochimilco, Glorieta Vaqueritos, Col. San Bartolo Chico, Prol. División del Norte y Periférico Sur.",IIIa,19٫2834,-99٫1253,S00E,207٫19345,V,55٫2924,N90W,133٫42696,https://doc-08-b4-mymaps.googleusercontent.com/untrusted/hostedimage/3nvmt8q5lv2g1r89cq9t36sf1s/jsq0johcmj5b74ltsrpkjra9b0/1649790132250/xmn2Ayk59Aaq_NK2Wpwf-CQc8UUGte0m/12960308126290440993/5AIsG_va1uM0UqdM-g6p09cWWL4FOxBj4_j_RKsFXAX4EwX4_qN-DkP60w_spQ0x43R6UvjbHqMn7k2BWDB_fzWIWVf1YgqgpCmSRNekP3LL0vYyVCKSBq-yPbU7Dtwcdi8j4YOXn2oLVA5SY5cq7xNuyN-vwS7jjiMpCmw6mEX1Evf7J51iVF7U2U03_lN8qSPUTNHc?session=0&fife
MT50,Mariscal Tito,"Del. Miguel Hidalgo, Col. Bosque de Chapultepec, Av. Paseo de la Reforma, entre Rubén Darío y Gandhi.",I,19٫4253,-99٫19,N00E,47٫05058,V,29٫80158,N90W,58٫26669,https://doc-0o-b4-mymaps.googleusercontent.com/untrusted/hostedimage/3nvmt8q5lv2g1r89cq9t36sf1s/utps2ia1medq44bann7o6p3ec8/1649790132250/xmn2Ayk59Aaq_NK2Wpwf-CQc8UUGte0m/12960308126290440993/5AIsG_vb83pA0u8VN9ajfss7x3GvWF8th9GzVpiCJXKdXhSVvTktNurDABSR-prW3OeFhyzWOkBz1_E2x7KtG363QpOr-oQjJEmTfVLJr4G-O5hmDadn88nDDrSSN8PVORu-tubKFlE24QkmzYcnSCEO32SuvF1o8obj-ZMKr4ACX5EsftYDl1Ex0-G9RWfA5YeEsHfU?session=0&fife
MY19,Meyehualco,"Del. Iztapalapa, Col. Unidad Sta. Cruz Meyehualco, Av. Luis Fernández M., Entre Av. Samuel Gompers y Ermita Iztapalapa,",IIIc,19٫3461,-99٫0433,S00E,119٫87724,V,85٫39388,N90W,111٫64838,https://doc-00-b4-mymaps.googleusercontent.com/untrusted/hostedimage/3nvmt8q5lv2g1r89cq9t36sf1s/6s50lq2f7fjvlggoa7q46bfh5c/1649790132250/xmn2Ayk59Aaq_NK2Wpwf-CQc8UUGte0m/12960308126290440993/5AIsG_vaq7Jsf5hsJcwHr2K5S9QfRn5eE65wfPGd3z7XawSQM2lRSToFJhUXtpavqfYvsEjp3Oe7EmzWcbm_ZbvcPlNZRemfimlluTxAvn5hbu4nLTcCHEUOXRBfN_utr3FPbDQtiELSH1qzHg9iMMOYXwVgz0OQW9F2mqqILFXVg_JRAShWC8UWlmNRtxGkx8DEy9CI?session=0&fife
PA34,"Esc. Prim. ""Alvaro Obregón""","Del. Milpa Alta, Pueblo de San Pedro Actopan, calle Cuauhtémoc entre Melchor Ocampo y Xicotencalt",I,19٫2016,-99٫0491,N00E,83٫24555,V,59٫95931,N90W,85٫56253,https://doc-0o-b4-mymaps.googleusercontent.com/untrusted/hostedimage/3nvmt8q5lv2g1r89cq9t36sf1s/j89gf7f8hnkg3r38mnhu0smiq8/1649790132250/xmn2Ayk59Aaq_NK2Wpwf-CQc8UUGte0m/12960308126290440993/5AIsG_vbBQGbialeRTgBLmJWcQAcJmjNvmSSSWfzNjhm3f5NGKeF0dWRO1Xwa1KlF8p7y71jS7ifsQhXMw3-8AII8CYhxSEwyqfAl28y5JwxDaf3hTXAMvbQUUoUOtoNP0tXSZZ7EFQehQVskkdzisSexBVmXNcVXIrshatxyYAGunU9oJydxASPLcMBUgAOaqJFsU_g?session=0&fife
PD42,Palacio de los Deportes,"Del. Iztacalco, Col. Granjas México, Río Churubusco y Añil.",IIId,19٫4055,-99٫0997,N00E,83٫76732,V,42٫37002,N90W,96٫25877,https://doc-0c-b4-mymaps.googleusercontent.com/untrusted/hostedimage/3nvmt8q5lv2g1r89cq9t36sf1s/ppauc5tmin5m2es2gh1g2h3abg/1649790132250/xmn2Ayk59Aaq_NK2Wpwf-CQc8UUGte0m/12960308126290440993/5AIsG_vYYH1JQVqmZtKJGexjJumAmEpJGptpNPEouxWePcWblq4SbqXV8hpXVck_EQ2dGGRYqwj_E6pM4szMLksF-sHKuYHIOL5uzIdZCIMsAzKyC7V5OpWGDGEBCUx1TLmdh463dNJV4Kgft_l10sC0zGsrqRUwWZ-bC87TDAeJNlycRF-mqtNIqvCEwiVLh9_K4bg0?session=0&fife
PE10,"Esc. Prim. ""Plutarco Elías Calles""","Del. Iztacalco, Col. Barrio San Pedro, Av. Plutarco Elias Calles, Entre Av. Santiago y Playa Caletilla.",IIIb,19٫3809,-99٫1318,N00E,101٫40528,V,31٫14842,N90W,124٫5604,https://doc-10-b4-mymaps.googleusercontent.com/untrusted/hostedimage/3nvmt8q5lv2g1r89cq9t36sf1s/spg1qd5tgvmmtl2tjjmrr9fkhs/1649790132250/xmn2Ayk59Aaq_NK2Wpwf-CQc8UUGte0m/12960308126290440993/5AIsG_vZek7bdx_Fdfd_M7VvXlJq_nS_btUvpExRt_lLq0Nut7zsdrYydYUJHxONiXJ7bbeBZ54n_1l5qTiLL-wEeBdjUs95w0cBOZNZFgFaGy7n2SYoMBBthi3casTM8cJsFoWJrPv4e7hpvQavhD_zVAgqVJUxSXcaGyck6QJKllhZMX23O_S-IXxuWlfJeHaifwHw?session=0&fife
RI76,República de Italia,"Del. Venustiano Carranza, Col. Ampliación Simón Bolivar, calle Carlos Marx y Av. Río Consulado.",IIIc,19٫4501,-99٫0986,N00E,52٫38211,V,24٫2405,N90W,72٫65694,https://doc-08-b4-mymaps.googleusercontent.com/untrusted/hostedimage/3nvmt8q5lv2g1r89cq9t36sf1s/57buvc2d9bbd6727bgeu02mtsg/1649790132250/xmn2Ayk59Aaq_NK2Wpwf-CQc8UUGte0m/12960308126290440993/5AIsG_vbSXIhTE6ZzAHt-82LdrXTT9KGEhJLTiJgbvyRcQ8SJdSWoKe7vG6xByyFlEj1SehMclgZOAYmlwZ4UIYp5n7gDzxL4sJAOCZLZdlPsU7pjOCEEbrYdkC2KP94wrHzZr-jEmerEzt6414CLLseC62sG3SL5DPgPnmI_uPrs_mZzG1sZ5EBBuJ4j2lCp7xWF7Ec?session=0&fife
RM48,"Esc. Prim. ""Rodolfo Menendez""","Del. Cuauhtémoc, Col. Centro, entre Loreto y San Ildefonso.",IIIb,19٫4359,-99٫128,N00E,61٫07271,V,37٫8507,N90W,78٫01341,https://doc-0s-b4-mymaps.googleusercontent.com/untrusted/hostedimage/3nvmt8q5lv2g1r89cq9t36sf1s/q9dk8ndoldm32iti50haphenv0/1649790132250/xmn2Ayk59Aaq_NK2Wpwf-CQc8UUGte0m/12960308126290440993/5AIsG_vb7ir_CGub2e06OVGCgrQmaAGrk0yl_TX6lkBs1vkl-mBCq5FKwa2kqrjvdvm60Ip9vhke5QhQCbIqnu7b4FYJD27-a28QloVHwHiWjQetKSzlfs_ziNcLsPWjBUhFdLFKfvrD59t0_MeqUNf0x_asuCZw3LmhnUl7a2Hmfi8iINUomKhX2Df64Wt2az9f1xyk?session=0&fife
SI53,San Simón,"Del. Benito Juárez, Col. San Simón Ticumac, Av. Lázaro Cárdenas, entre Calles Luis Spota y Eleuterio Méndez.",IIIa,19٫3753,-99٫1483,S00E,129٫02944,V,56٫78383,N90W,177٫56513,https://doc-0s-b4-mymaps.googleusercontent.com/untrusted/hostedimage/3nvmt8q5lv2g1r89cq9t36sf1s/s7236g11v0lnme1ces7ie8anmc/1649790132250/xmn2Ayk59Aaq_NK2Wpwf-CQc8UUGte0m/12960308126290440993/5AIsG_vZveWpz7LYvj_K8KDXzFYhkKSrJgfOCpcrebpHQ01GiCUgK4FgEsae2LWXP_Kt-M6HLdToo-uKcvHaDxJF0Er30GKtF1zuAn96V5k2v2-UfXagVf012vCRMS9ZEchYoKGolWcQ4brJuifmP0Z-GLLZUKQXmM508NE4Mol-Gwp9wrnciTVXDnj2oiBmCXNLcPzI?session=0&fife
SP51,Sector Popular,"Del. Iztapalapa, Col. Sector Popular, Calle Sur 103A esq. con Av. Agustín Yañes.",IIIb,19٫3656,-99٫1189,S00E,77٫3631,V,38٫49628,N90W,100٫38069,https://doc-0g-b4-mymaps.googleusercontent.com/untrusted/hostedimage/3nvmt8q5lv2g1r89cq9t36sf1s/hvclgbce58d7skvaabqhc76ak8/1649790132250/xmn2Ayk59Aaq_NK2Wpwf-CQc8UUGte0m/12960308126290440993/5AIsG_vYCpjmQ42n6BZp_OLAJILjwX7W6OUsECYO5vPclLa48kTok5wHSIlAO1AohvkvInifGYWHezzRvI5-FBPImsGC4DZE1UmhIHdksGEBtBNj7Mwfya1JsJ8QcPRugwrR4WtuFJm8of3tztIIqqSUJ5-gQa7XxevRDtQHXkW3WOCOXA5hzs4PK72Qg8SFPMIbJQpM?session=0&fife
TH35,Tláhuac,"Del. Tláhuac, Col. San José, calle Juan Mendoza esq. con calle La Rondalla.",IIId,19٫2786,-99,N00E,189٫9389,V,58٫99466,N90W,186٫6892,https://doc-0o-b4-mymaps.googleusercontent.com/untrusted/hostedimage/3nvmt8q5lv2g1r89cq9t36sf1s/iikip9u3p7mc7log3nf2siqk5c/1649790132250/xmn2Ayk59Aaq_NK2Wpwf-CQc8UUGte0m/12960308126290440993/5AIsG_vYpwy0TBkx1Z7CaLBS0p_iAmEToi8F9IWJH8XgkgiskUQfXPfkovD4ITQPjJIM2lwukm0fMKTS6_LWu3rUmACSYx5OyDQcUKrUQvrZsSDRsHRswD7F1moFFV5TrdREo0feZqJt-kZ-9Kkt1XFk2TylBfs0L_T1UfhrmFhqbRXS5Rs6dyi-j0cHtwp-XVb6DJ0o?session=0&fife
TL08,"Deportivo ""Antonio Caso T-II""","Del. Cuauhtémoc, Col. Morelos, Av. Paseo de la Reforma Esq. Eje 2 Norte.",IIIb,19٫45,-99٫1336,N00E,82٫84913,V,30٫17763,N90W,81٫2083,https://doc-08-b4-mymaps.googleusercontent.com/untrusted/hostedimage/3nvmt8q5lv2g1r89cq9t36sf1s/m9qsu4a53pakth5ol7gvgbu7lg/1649790132250/xmn2Ayk59Aaq_NK2Wpwf-CQc8UUGte0m/12960308126290440993/5AIsG_vaHRKhRXwUC5qrygCAdJBMT6T4IX46JwxmkOvNINT5WEEEImMMj94zWpqGHNh65nynKprRw4zpwS_MlQLNRkm1kl0pSVjrV4F04kiiKRzwKwwxrqSsl86fZtlfn7vSqxRysyiH_z7QGgt_OKESUF82oEYysBQM4y3ffEW6nqEhTqGCq31ab6E5Q0FTzYNHoPpY?session=0&fife
TL55,Tlatelolco,"Del. Cuauhtémoc, Deportivo 5 de Mayo, U. Hab. Nonoalco Tlatelolco, Av. Manuel González entre calle Lerdo y Eje 1 Pte. Guerrero.",IIIb,19٫4536,-99٫1425,S00E,82٫45664,V,33٫57064,N90W,69٫19602,https://doc-0g-b4-mymaps.googleusercontent.com/untrusted/hostedimage/3nvmt8q5lv2g1r89cq9t36sf1s/b9r3fpqlj9acppmceopqoj0l1k/1649790132250/xmn2Ayk59Aaq_NK2Wpwf-CQc8UUGte0m/12960308126290440993/5AIsG_vbQWN1B0Xc73m1uvdnOYhRsbABZIDU4oBfck9Rqz0lrxjAEW822hEZM2-1Z1pdoYYPZkvKgkX5cKQlgM_xZ4eGX9bMQ-r1uMIY2B6s9E3ioQjwWJVmXXbh_OHiSFczaEYaFyffHjqiifPw25sUcudnohe6mnyknIM2F8rJ64wm1pSNVY-O_z7vRKFfPaw3jp_w?session=0&fife
TP13,Tlalpan,"Del. Tlalpan, Col. Tlalpan, Las Fuentes, entre Av. San Fernando y calle Ignacio Allende.",I,19٫2922,-99٫1708,N00E,60٫33537,V,51٫55913,N90W,66٫57997,https://doc-04-b4-mymaps.googleusercontent.com/untrusted/hostedimage/3nvmt8q5lv2g1r89cq9t36sf1s/r4l8ualee3a1fr48aohd33tgsg/1649790132250/xmn2Ayk59Aaq_NK2Wpwf-CQc8UUGte0m/12960308126290440993/5AIsG_vbdAsquuLNcsLhvm6cN0J8J6SfVDtMOz3kRcSn3lb7Ez_XhFwAAK7ifMl2QLPWvuhJKnnvdiC5it-_SuNZnlpSUO2Gwn2oBVV7ZO_WtBJfPPpky7iQ2025YmO_7UoTr-VGr6zw2kowU1fHft5ffILGLByfC0BhOPwmSAx_YphalMRuLJ-cBc5aAfjHIWXwFwKc?session=0&fife
UC44,Unidad Colonia IMSS,"Del. Cuauhtémoc, Col. San Rafael, Calle Villalongin y Río Neva.",IIIa,19٫4337,-99٫1654,N00E,125٫31945,V,41٫72581,N90W,124٫92514,https://doc-00-b4-mymaps.googleusercontent.com/untrusted/hostedimage/3nvmt8q5lv2g1r89cq9t36sf1s/62gsc3d63dgr8nu4in8n47l5qc/1649790132250/xmn2Ayk59Aaq_NK2Wpwf-CQc8UUGte0m/12960308126290440993/5AIsG_vZ-LlGaCU14bz4G6qH3QuNDi1Dl5AAnk6wwvc0ftGLfHL-9fnjvmyqdAvgjdE9S1z-PNQTW0Twmn0ynCyoL9uez5uuVmK3VWIWMcLf6oP1UkPUb7WVEWXL0AeEcJWRvU4GkCEPAzsv4TlZSrXrGzqRZveLl0sx6jcyTzkhSt8pmMKHA3n7TmQbVhDFdBi1Qjfs?session=0&fife
UI21,U. Iberoamericana,"Del Alvaro Obregón, Col. Centro, Comercial Lomas de Sta. Fe, Aut. México-Toluca Km 9.5 Esq. Joaquín Gallo.",I,19٫3696,-99٫2655,N00E,74٫69028,V,35٫50617,N90W,79٫26074,https://doc-14-b4-mymaps.googleusercontent.com/untrusted/hostedimage/3nvmt8q5lv2g1r89cq9t36sf1s/d853cmfhu8952pt5tcekvo49ro/1649790132250/xmn2Ayk59Aaq_NK2Wpwf-CQc8UUGte0m/12960308126290440993/5AIsG_vYEFhTRJloRcdpeVHi1HMMUSCFXZN_KEK0A1FWtFix7h6w-QAZ6MgU6sf3RdWc_d1zkoQV8gyaknewwKnHx77Z5RsCYjba2f6APHH1tBTfVuHYQi1tJ82f-vSEhW0AQhCU2e6FGgcQV3MjqQ9b04k2Bl01sah63VWZ7PKAEEhZZD6DkmVTCIrSqaL2jgRiusX4?session=0&fife
VG09,Valle Gómez,"Del. Venustiano Carranza, Col. Nicolas Bravo, Cananea Entre calles Platino y Cobre.",IIIb,19٫4539,-99٫1225,N00E,119٫54487,V,36٫44657,N90W,101٫84624,https://doc-0k-b4-mymaps.googleusercontent.com/untrusted/hostedimage/3nvmt8q5lv2g1r89cq9t36sf1s/1ja8gutktk4pc3eaoar4k40its/1649790132250/xmn2Ayk59Aaq_NK2Wpwf-CQc8UUGte0m/12960308126290440993/5AIsG_vY43mwLX7JhD-VWmbM1gRzlLAQYUo60pxSOlhdLPHGHg_tsi8YXJBN4ytvdWyLwD-WBoUHSX_8Qf8UDzvM-v6C5_gZzzAOKpEAK1Y8_-hwrOPvgVnl4XV-mB75Ftw9OuizVlh-eBWKusIUVAMxFK833cC_y4jp4MDaTrH7b96lfetYxEy3HDOxOphqJwwGc4QY?session=0&fife
VM29,Villa del Mar,"Del. Iztacalco, Col. Militar Marte, Cda. Playa Flamingos.",IIIc,19٫3811,-99٫1253,N00E,85٫23767,V,35٫90523,N90W,94٫83026,https://doc-0c-b4-mymaps.googleusercontent.com/untrusted/hostedimage/3nvmt8q5lv2g1r89cq9t36sf1s/f9lh04ebv1etbfut35a0nbgbus/1649790132250/xmn2Ayk59Aaq_NK2Wpwf-CQc8UUGte0m/12960308126290440993/5AIsG_va_WDQ_jQq9F1dLP0wqAm12OWuWY4qV8GVcFUl1UfN5W3pnQj5pFKlVHmQ503Ql2F2KkcMtgfNFY904wHef2HejpoyCkbvYAWzBJrhSek-kmJQgss2C3kNZYyV4VoToLaIqvnkmBn4rAcKMyZrvjs-qTYSeH3duI9p-Z04B3_hCMh8MOUDmpoYwNFfZ_CUH4mU?session=0&fife
XO36,"Jardín de Niños ""Xochimilco""","Del. Xochimilco, Barrio la Concepción Tlacopa, Club España de Remo y Callejón Chicoco.",IIIc,19٫2711,-99٫1024,N00E,124٫14113,V,50٫53009,N90W,173٫55737,https://doc-0o-b4-mymaps.googleusercontent.com/untrusted/hostedimage/3nvmt8q5lv2g1r89cq9t36sf1s/jkqtlpctvii1q8bidl6d3qd2sk/1649790132250/xmn2Ayk59Aaq_NK2Wpwf-CQc8UUGte0m/12960308126290440993/5AIsG_vbWt27J8XPJSaBXN1JSculjczcwm9u31JYwPdoQm1CAz-3cpi4FHoMIvBCksoR2ycPrefUOnkrB5fieLL4B_L0SAk4gXliZtKTlqQ70yswP3BCC3XDWu70KodEMONVSU3Aie0uG_OSiAsUO1Neb73TrFVst9R8s0DpfrJPFySUkVLkRZ90-MHy_-Q9b86IrzVk?session=0&fife
XP06,"Jardín de niños ""Xochipilli""","Del. Cuauhtémoc, Col. Obrera, Calle 5 de Febrero entre Diagonal 20 de Noviembre y calle Chimalpopoca.",IIIc,19٫4198,-99٫1353,N00E,81٫73736,V,30٫98133,N90W,108٫18881,https://doc-00-b4-mymaps.googleusercontent.com/untrusted/hostedimage/3nvmt8q5lv2g1r89cq9t36sf1s/369ilcvsvm5ftgsi4khlbei1ds/1649790132250/xmn2Ayk59Aaq_NK2Wpwf-CQc8UUGte0m/12960308126290440993/5AIsG_vZIHBmzSxT3HC6BDVTp0sQj6OjJF3fivMxq9DEnxFYKUQUlX0SwPyQbLBUFC7QdJ4869isFbK-gJZiE6z2QgPF4qkrYEAifNFM3W2O1C0FY-Tpzj6xgUA8k17tm9a4t5R0-76wnVWQl9W-SYpFSHwO-zdkC8PW5lCvCxhspv-2EoG5OWAUjUmcDn_nRT2PM2rc?session=0&fife
