STATION_ID,STATION_NAME,LATITUDE,LONGITUDE,STATION_TYPE,REFERENCES,SOIL_TYPE,PGA_VALUE,PGA_LN_SIGMA,PGA_VALUE_1,PGA_VALUE_2,PGA_VALUE_V,VS30,PGASTATION_Name,PGAVS30,MMI_VALUE,MMI_STDDEV,PGV_LN_SIGMA,PGV_VALUE,SA(0.3)_LN_SIGMA,SA(0.3)_VALUE,SA(1.0)_LN_SIGMA,SA(1.0)_VALUE,SA(3.0)_LN_SIGMA,SA(3.0)_VALUE,VS30_TYPE
ANGO,ANGOL-Hospital,-37.79,-72.71,seismic,Informe_UCH_2010_And_Boroschek_et_al_2012,IX,0.928,0.0,0.928,0.681,0.281,315,,,,,,,,,,,,,
CONT,CONSTITUCIÓN-Hospital,-35.34,-72.4,seismic,Informe_UCH_2010_And_Boroschek_et_al_2012,VII,0.64,0.0,0.552,0.64,0.352,220-343,,,,,,,,,,,,,
LLO,LLOLLEO,-33.62,-71.6,seismic,Informe_UCH_2010_And_Boroschek_et_al_2012,V,0.564,0.0,0.319,0.564,0.702,305,,,,,,,,,,,,,
CRMA,MAIPÚ-Centro de Referencia de Salud,-33.50866667,-70.77141667,seismic,Informe_UCH_2010_And_Boroschek_et_al_2012,RM,0.561,0.0,0.561,0.478,0.24,375-450,,,,,,,,,,,,,
TAL,TALCA-Colegio Integrado San Pío X,-35.43,-71.63,seismic,Informe_UCH_2010_And_Boroschek_et_al_2012,VII,0.477,0.0,0.477,0.424,0.244,598-648,,,,,,,,,,,,,
CURI,CURICÓ-Hospital,-34.9905,-71.23669444,seismic,Informe_UCH_2010_And_Boroschek_et_al_2012,VII,0.47,0.0,0.47,0.409,0.198,540-673,,,,,,,,,,,,,
HUAL,HUALAÑÉ-Hospital,-34.97627778,-71.80586111,seismic,Informe_UCH_2010_And_Boroschek_et_al_2012,VII,0.461,0.0,0.389,0.461,0.39,527-560,,,,,,,,,,,,,
PAP,PAPUDO,-32.52,-71.45,seismic,Informe_UCH_2010_And_Boroschek_et_al_2012,V,0.421,0.0,0.295,0.421,0.155,517,,,,,,,,,,,,,
CONC,CONCEPCIÓN-Colegio Inmaculada Concepción,-36.82827778,-73.04819444,seismic,Informe_UCH_2010_And_Boroschek_et_al_2012,VII,0.402,0.0,0.402,0.284,0.398,230,,,,,,,,,,,,,
El Salto Etna,VIÑA EL SALTO,-33.04722222,-71.50986111,seismic,Informe_UCH_2010_And_Boroschek_et_al_2012,V,0.351,0.0,0.351,0.338,0.261,,,,,,,,,,,,,,
MAT,MATANZAS-Escuela Carlos Ibáñez del Campo,-33.96,-71.87,seismic,Informe_UCH_2010_And_Boroschek_et_al_2012,VI,0.342,0.0,0.342,0.308,0.234,380,,,,,,,,,,,,,
VINA,VIÑA DEL MAR-Centro,-33.02491667,-71.55294444,seismic,Informe_UCH_2010_And_Boroschek_et_al_2012,V,0.334,0.0,0.219,0.334,0.186,273,,,,,,,,,,,,,
Aislado (Centro),Aislado (Centro),-33.46658333,-70.65205556,seismic,Informe_UCH_2010_And_Boroschek_et_al_2012,RM,0.309,0.0,0.218,0.309,0.182,,,,,,,,,,,,,,
VALU,VALPARAÍSO-UTFSM,-33.03,-71.62,seismic,Informe_UCH_2010_And_Boroschek_et_al_2012,V,0.304,0.0,0.137,0.304,0.079,1421,,,,,,,,,,,,,
HTIS,PEÑALOLÉN-Hospital Luis Tisné,-33.50141667,-70.57922222,seismic,Informe_UCH_2010_And_Boroschek_et_al_2012,RM,0.295,0.0,0.295,0.293,0.28,,,,,,,,,,,,,,
HSOR,PUENTE ALTO-Hospital Sótero del Río,-33.57802778,-70.58097222,seismic,Informe_UCH_2010_And_Boroschek_et_al_2012,RM,0.265,0.0,0.265,0.263,0.13,,,,,,,,,,,,,,
VALD,VALPARAÍSO-Almendral,-33.03,-71.6,seismic,Informe_UCH_2010_And_Boroschek_et_al_2012,V,0.265,0.0,0.224,0.265,0.146,360,,,,,,,,,,,,,
MET,LA FLORIDA-Metro Línea 5 Estación Mirador,-33.51386111,-70.60525,seismic,Informe_UCH_2010_And_Boroschek_et_al_2012,RM,0.236,0.0,0.236,0.165,0.13,685,,,,,,,,,,,,,
VALD,VALDIVIA-Hospital,-39.83141944,-73.23913889,seismic,Informe_UCH_2010_And_Boroschek_et_al_2012,XV,0.138,0.0,0.092,0.138,0.051,,,,,,,,,,,,,,
COPI,COPIAPÓ-Hospital,-27.37372222,-70.32158333,seismic,Informe_UCH_2010_And_Boroschek_et_al_2012,III,0.03,0.0,0.016,0.03,0.008,,,,,,,,,,,,,,
Vallenar,VALLENAR-Liceo Santa Marta,-28.57655556,-70.75519444,seismic,Informe_UCH_2010_And_Boroschek_et_al_2012,III,0.02,0.0,0.019,0.02,0.01,,,,,,,,,,,,,,
MELP,MELP,-33.69,-71.21,seismic,Verdugoa_et_al_2018,,0.78,0.0,0.57,0.78,0.39,,Melipilla,,,,,,,,,,,,
CCSP,CCSP,-36.84,-73.11,seismic,Verdugoa_et_al_2018,,0.65,0.0,0.65,0.6,0.58,,"Colegio San Pedro, Concepción",390.0,,,,,,,,,,,
SJCH,SJCH,-33.64,-70.35,seismic,Verdugoa_et_al_2018,,0.48,0.0,0.47,0.48,0.25,,San José de Maipo,,,,,,,,,,,,
CSCH,CSCH,-33.32,-71.41,seismic,Verdugoa_et_al_2018,,0.33,0.0,0.29,0.33,0.23,,Casablanca,332.0,,,,,,,,,,,
LRNA,LRNA,-33.45,-70.53,seismic,Verdugoa_et_al_2018,,0.31,0.0,0.31,0.23,0.16,,LA REINA-Colegio Las Américas,,,,,,,,,,,,
Stgo-Centro,Stgo-Centro,-33.47,-70.65,seismic,Verdugoa_et_al_2018,,0.31,0.0,0.22,0.31,0.18,,,,,,,,,,,,,,
ANTU,ANTU,-33.57,-70.63,seismic,Verdugoa_et_al_2018,,0.27,0.0,0.23,0.27,0.16,,"Campus Antumapu, Santiago",,,,,,,,,,,,
Stgo-FSR,Stgo-FSR,-33.48,-70.53,seismic,Verdugoa_et_al_2018,,0.25,0.0,0.25,0.24,0.18,,,,,,,,,,,,,,
Stgo-La Florida,Stgo-La Florida,-33.51,-70.61,seismic,Verdugoa_et_al_2018,,0.19,0.0,0.19,0.13,0.1,,,,,,,,,,,,,,
Stgo-FCFM,Stgo-FCFM,-33.46,-70.66,seismic,Verdugoa_et_al_2018,,0.17,0.0,0.17,0.16,0.14,,,,,,,,,,,,,,
MELP,MELP,-33.6874,-71.2138,seismic,MAE_Center_Report,,0.78,0.0,0.57,0.78,0.39,,Melipilla,,,,,,,,,,,,
OLMU,OLMU,-32.994,-71.173,seismic,MAE_Center_Report,,0.35,0.0,0.35,0.25,0.15,,Olmué (10 km West of El Roble),,,,,,,,,,,,
STL,STL,-33.4405,-70.6428,seismic,MAE_Center_Report,,0.34,0.0,0.24,0.34,0.24,,Santiago (Cerro Santa Lucía),,,,,,,,,,,,
CLCH,CLCH,-33.3961,-70.5369,seismic,MAE_Center_Report,,0.23,0.0,0.21,0.23,0.11,,Santiago (Cerro Galán),,,,,,,,,,,,
ROC1,ROC1,-32.9759,-71.0156,seismic,MAE_Center_Report,,0.19,0.0,0.19,0.13,0.11,,Cerro El Roble,,,,,,,,,,,,
OBSMH_26,Concepcion  Juan Pablo II bridge,-36.8154,-73.0833,macroseismic,Stations_USGS,,1.090751,0.8059,,,,296.37,,,9.0,0.3,0.875,116.0264,1.0131,1.656351,1.0822,1.760074,1.4737,0.315,inferred
OBSMH_27,Concepcion  Llacolen overpass,-36.8302,-73.0685,macroseismic,Stations_USGS,,1.086587,0.8059,,,,296.37,,,9.0,0.3,0.875,116.0264,1.0131,1.653024,1.0822,1.764205,1.4737,0.315829,inferred
OBSMH_39,Concepcion  Prieto & Salas,-36.8208,-73.0612,macroseismic,Stations_USGS,,1.085546,0.8059,,,,211.93,,,9.0,0.3,0.875,116.0264,1.0131,1.65219,1.0822,1.765242,1.4737,0.316037,inferred
OBSMH_43,Concepcion  Zanartu & Montt (Alto Rio),-36.828,-73.0618,macroseismic,Stations_USGS,,1.085252,0.8059,,,,211.93,,,9.0,0.3,0.875,116.0264,1.0131,1.651955,1.0822,1.765535,1.4737,0.316096,inferred
OBSMH_34,Concepcion O'Higgins & Salas (Geocentro),-36.8295,-73.0556,macroseismic,Stations_USGS,,1.083816,0.8059,,,,211.93,,,9.0,0.3,0.875,116.0264,1.0131,1.650806,1.0822,1.766968,1.4737,0.316384,inferred
OBSMH_35,Concepcion  O'Higgins & Salas (Torre O'Higgins),-36.8295,-73.0551,macroseismic,Stations_USGS,,1.083708,0.8059,,,,211.93,,,9.0,0.3,0.875,116.0264,1.0131,1.650719,1.0822,1.767077,1.4737,0.316405,inferred
OBSMH_24,Concepcion  Freire & Orompello - Ongolmo (Centro Mayor building),-36.8228,-73.0448,macroseismic,Stations_USGS,,1.081877,0.8059,,,,211.93,,,9.0,0.3,0.875,116.0264,1.0131,1.649252,1.0822,1.768909,1.4737,0.316773,inferred
OBSAS_5,Constitucion (Intensity IX),-35.34,-72.41,macroseismic,Stations_USGS,,1.051475,0.8059,,,,561.69,,,9.0,0.3,0.875,116.0264,1.0131,1.624723,1.0822,1.800083,1.4737,0.323036,inferred
ANGO,Angol,-37.795,-72.708,seismic,Stations_USGS,,0.928,0.0,,,,501.84,,,,,0.0,37.55,0.0,1.8,0.0,0.423,0.0,0.077,inferred
OBSMH_116,Santiago  Hermanos Carrera,-33.5022,-70.7615,macroseismic,Stations_USGS,,0.863161,0.8059,,,,300.77,,,9.0,0.3,0.875,116.0264,1.0131,1.464609,1.0822,2.031533,1.4737,0.369935,inferred
OBSMH_112,Santiago  Don Tristan building,-33.505,-70.7554,macroseismic,Stations_USGS,,0.862741,0.8059,,,,300.77,,,9.0,0.3,0.875,116.0264,1.0131,1.464234,1.0822,2.032138,1.4737,0.370059,inferred
OBSMH_110,Santiago  Don Luis building,-33.5034,-70.7532,macroseismic,Stations_USGS,,0.862131,0.8059,,,,300.77,,,9.0,0.3,0.875,116.0264,1.0131,1.463689,1.0822,2.03302,1.4737,0.370239,inferred
OBSMH_124,Santiago  overpass  Vespucio Norte & Miraflores,-33.3943,-70.7695,macroseismic,Stations_USGS,,0.844149,0.8059,,,,223.14,,,9.0,0.3,0.875,116.0264,1.0131,1.447559,1.0822,2.059456,1.4737,0.375639,inferred
OBSMH_123,Santiago  overpass  Vespucio Norte & Lo Echevers,-33.3761,-70.748,macroseismic,Stations_USGS,,0.838075,0.8059,,,,453.68,,,9.0,0.3,0.875,116.0264,1.0131,1.442075,1.0822,2.06859,1.4737,0.377507,inferred
OBSMH_108,Santiago  Central Park building,-33.4301,-70.6669,macroseismic,Stations_USGS,,0.837013,0.8059,,,,304.48,,,9.0,0.3,0.875,116.0264,1.0131,1.441114,1.0822,2.070199,1.4737,0.377836,inferred
OBSMH_129,Santiago  Sol Oriente building,-33.4755,-70.5992,macroseismic,Stations_USGS,,0.833989,0.8059,,,,347.4,,,9.0,0.3,0.875,116.0264,1.0131,1.438374,1.0822,2.074796,1.4737,0.378776,inferred
OBSMH_117,Santiago  Independencia,-33.4068,-70.6645,macroseismic,Stations_USGS,,0.832795,0.8059,,,,344.77,,,9.0,0.3,0.875,116.0264,1.0131,1.437291,1.0822,2.076619,1.4737,0.379149,inferred
OBSMH_115,Santiago  Emerald building,-33.4551,-70.6005,macroseismic,Stations_USGS,,0.831218,0.8059,,,,329.21,,,9.0,0.3,0.875,116.0264,1.0131,1.435859,1.0822,2.079034,1.4737,0.379643,inferred
OBSMH_125,Santiago  overpass  Vespucio Norte & San Martin / Independencia,-33.366,-70.6891,macroseismic,Stations_USGS,,0.82899,0.8059,,,,585.66,,,9.0,0.3,0.875,116.0264,1.0131,1.433835,1.0822,2.082456,1.4737,0.380344,inferred
OBSMH_109,Santiago  Ciudad Empresarial,-33.3887,-70.6191,macroseismic,Stations_USGS,,0.823669,0.8059,,,,634.01,,,9.0,0.3,0.875,116.0264,1.0131,1.428989,1.0822,2.090692,1.4737,0.38203,inferred
CCSP,Concepcion San Pedro,-36.844,-73.109,seismic,Stations_USGS,,0.652,0.0,,,,245.97,,,,,0.0,44.7,0.0,1.42,0.0,0.81,0.0,0.081,inferred
COT,Constitucion,-35.34,-72.406,seismic,Stations_USGS,,0.64,0.0,,,,561.69,,,,,0.0,68.59,0.0,2.263,0.0,1.145,0.0,0.176,inferred
OBSMH_134,Talcahuano  Cerro Centinela,-36.713,-73.1284,macroseismic,Stations_USGS,,0.594524,0.8059,,,,533.54,,,8.0,0.3,0.875,55.9888,1.0131,0.957494,1.0822,0.788113,1.4737,0.145035,inferred
OBSMH_135,Talcahuano  Cerro Fuentes,-36.7167,-73.1137,macroseismic,Stations_USGS,,0.592507,0.8059,,,,533.54,,,8.0,0.3,0.875,55.9888,1.0131,0.955785,1.0822,0.789756,1.4737,0.145374,inferred
OBSMH_132,Talcahuano  Biblioteca,-36.7198,-73.1087,macroseismic,Stations_USGS,,0.591763,0.8059,,,,533.54,,,8.0,0.3,0.875,55.9888,1.0131,0.955154,1.0822,0.790364,1.4737,0.1455,inferred
OBSMH_40,Concepcion  railroad bridge,-36.8361,-73.087,macroseismic,Stations_USGS,,0.585177,0.8059,,,,496.01,,,8.0,0.3,0.875,55.9888,1.0131,0.94955,1.0822,0.795805,1.4737,0.146623,inferred
OBSMH_38,Concepcion  Prat overpass,-36.8186,-73.0664,macroseismic,Stations_USGS,,0.583291,0.8059,,,,211.93,,,8.0,0.3,0.875,55.9888,1.0131,0.94794,1.0822,0.797381,1.4737,0.146948,inferred
OBSMH_20,Concepcion  Cruz & Serrano,-36.8229,-73.0617,macroseismic,Stations_USGS,,0.582602,0.8059,,,,211.93,,,8.0,0.3,0.875,55.9888,1.0131,0.947351,1.0822,0.797959,1.4737,0.147067,inferred
OBSMH_44,Concepcion  Zanartu & Montt (silos),-36.8267,-73.0621,macroseismic,Stations_USGS,,0.582528,0.8059,,,,211.93,,,8.0,0.3,0.875,55.9888,1.0131,0.947289,1.0822,0.79802,1.4737,0.14708,inferred
OBSMH_18,Concepcion  Bio Bio bridge,-36.8379,-73.0628,macroseismic,Stations_USGS,,0.582257,0.8059,,,,588.89,,,8.0,0.3,0.875,55.9888,1.0131,0.947056,1.0822,0.798248,1.4737,0.147127,inferred
OBSMH_29,Concepcion  Los Carrera & Salas,-36.8258,-73.0575,macroseismic,Stations_USGS,,0.582019,0.8059,,,,211.93,,,8.0,0.3,0.875,55.9888,1.0131,0.946853,1.0822,0.798448,1.4737,0.147168,inferred
OBSMH_17,Concepcion  Arana & Serrano (Barros Arana building),-36.8295,-73.0572,macroseismic,Stations_USGS,,0.581868,0.8059,,,,211.93,,,8.0,0.3,0.875,55.9888,1.0131,0.946724,1.0822,0.798575,1.4737,0.147195,inferred
OBSMH_16,Concepcion  Arana & Serrano - Salas,-36.8293,-73.0568,macroseismic,Stations_USGS,,0.581828,0.8059,,,,211.93,,,8.0,0.3,0.875,55.9888,1.0131,0.946689,1.0822,0.798609,1.4737,0.147202,inferred
OBSMH_11,Concepcion  Arana & Angol - Lincoyan,-36.8282,-73.0543,macroseismic,Stations_USGS,,0.581571,0.8059,,,,211.93,,,8.0,0.3,0.875,55.9888,1.0131,0.94647,1.0822,0.798825,1.4737,0.147246,inferred
OBSMH_32,Concepcion O'Higgins & Lincoyan,-36.8288,-73.053,macroseismic,Stations_USGS,,0.581402,0.8059,,,,211.93,,,8.0,0.3,0.875,55.9888,1.0131,0.946325,1.0822,0.798968,1.4737,0.147276,inferred
OBSMH_15,Concepcion  Arana & Rengo,-36.8273,-73.0525,macroseismic,Stations_USGS,,0.581391,0.8059,,,,211.93,,,8.0,0.3,0.875,55.9888,1.0131,0.946315,1.0822,0.798977,1.4737,0.147278,inferred
OBSMH_21,Concepcion  Freire & Colo Colo,-36.8253,-73.0491,macroseismic,Stations_USGS,,0.581059,0.8059,,,,211.93,,,8.0,0.3,0.875,55.9888,1.0131,0.946032,1.0822,0.799256,1.4737,0.147335,inferred
OBSMH_30,Concepcion  Maipu & Tucapel,-36.8226,-73.0473,macroseismic,Stations_USGS,,0.580936,0.8059,,,,211.93,,,8.0,0.3,0.875,55.9888,1.0131,0.945926,1.0822,0.799361,1.4737,0.147357,inferred
OBSMH_28,Concepcion  Los Carrera & Galvarino,-36.8181,-73.04,macroseismic,Stations_USGS,,0.580235,0.8059,,,,211.93,,,8.0,0.3,0.875,55.9888,1.0131,0.945326,1.0822,0.799952,1.4737,0.147479,inferred
OBSMH_136,Tome,-36.6169,-72.9566,macroseismic,Stations_USGS,,0.577126,0.8059,,,,555.47,,,8.0,0.3,0.875,55.9888,1.0131,0.94266,1.0822,0.80259,1.4737,0.148024,inferred
OBSMH_8,Cobquecura,-36.1323,-72.7926,macroseismic,Stations_USGS,,0.575253,0.8059,,,,660.14,,,8.0,0.3,0.875,55.9888,1.0131,0.94105,1.0822,0.804191,1.4737,0.148355,inferred
OBSMH_71,Constitucion  Onaderra Pinto,-35.3281,-72.4152,macroseismic,Stations_USGS,,0.565301,0.8059,,,,298.12,,,8.0,0.3,0.875,55.9888,1.0131,0.932456,1.0822,0.812839,1.4737,0.150144,inferred
OBSMH_55,Constitucion  Freire Rengifo,-35.3276,-72.4136,macroseismic,Stations_USGS,,0.56516,0.8059,,,,298.12,,,8.0,0.3,0.875,55.9888,1.0131,0.932333,1.0822,0.812964,1.4737,0.15017,inferred
OBSMH_73,Constitucion  Onaderra Prieto,-35.3296,-72.4142,macroseismic,Stations_USGS,,0.565143,0.8059,,,,298.12,,,8.0,0.3,0.875,55.9888,1.0131,0.932319,1.0822,0.812979,1.4737,0.150173,inferred
OBSMH_78,Constitucion  Zanartu Muller (Portales),-35.3312,-72.4146,macroseismic,Stations_USGS,,0.565122,0.8059,,,,298.12,,,8.0,0.3,0.875,55.9888,1.0131,0.932301,1.0822,0.812997,1.4737,0.150177,inferred
OBSMH_54,Constitucion  Freire Pinto,-35.3287,-72.413,macroseismic,Stations_USGS,,0.565057,0.8059,,,,298.12,,,8.0,0.3,0.875,55.9888,1.0131,0.932244,1.0822,0.813054,1.4737,0.150189,inferred
OBSMH_77,Constitucion  Zanartu Montt,-35.3322,-72.414,macroseismic,Stations_USGS,,0.565023,0.8059,,,,298.12,,,8.0,0.3,0.875,55.9888,1.0131,0.932215,1.0822,0.813084,1.4737,0.150195,inferred
OBSMH_72,Constitucion  Onaderra Portales (Muller),-35.3307,-72.4134,macroseismic,Stations_USGS,,0.56502,0.8059,,,,298.12,,,8.0,0.3,0.875,55.9888,1.0131,0.932213,1.0822,0.813087,1.4737,0.150196,inferred
OBSMH_70,Constitucion  Onaderra Montt,-35.3313,-72.4129,macroseismic,Stations_USGS,,0.564947,0.8059,,,,298.12,,,8.0,0.3,0.875,55.9888,1.0131,0.932149,1.0822,0.813151,1.4737,0.150209,inferred
OBSMH_64,Constitucion O'Higgins Portales,-35.3293,-72.411,macroseismic,Stations_USGS,,0.564833,0.8059,,,,298.12,,,8.0,0.3,0.875,55.9888,1.0131,0.93205,1.0822,0.813252,1.4737,0.15023,inferred
OBSMH_68,Constitucion  Onaderra Cruz,-35.3326,-72.4122,macroseismic,Stations_USGS,,0.564827,0.8059,,,,298.12,,,8.0,0.3,0.875,55.9888,1.0131,0.932045,1.0822,0.813257,1.4737,0.150231,inferred
OBSMH_53,Constitucion  Freire Montt,-35.3311,-72.4114,macroseismic,Stations_USGS,,0.564804,0.8059,,,,298.12,,,8.0,0.3,0.875,55.9888,1.0131,0.932025,1.0822,0.813277,1.4737,0.150235,inferred
OBSMH_63,Constitucion O'Higgins Montt,-35.3305,-72.4102,macroseismic,Stations_USGS,,0.564707,0.8059,,,,298.12,,,8.0,0.3,0.875,55.9888,1.0131,0.931941,1.0822,0.813363,1.4737,0.150253,inferred
OBSMH_50,Constitucion  Freire Cruz,-35.3323,-72.4108,macroseismic,Stations_USGS,,0.564698,0.8059,,,,298.12,,,8.0,0.3,0.875,55.9888,1.0131,0.931933,1.0822,0.813371,1.4737,0.150255,inferred
OBSMH_60,Constitucion O'Higgins Cruz,-35.3318,-72.4101,macroseismic,Stations_USGS,,0.564647,0.8059,,,,298.12,,,8.0,0.3,0.875,55.9888,1.0131,0.931889,1.0822,0.813416,1.4737,0.150264,inferred
OBSMH_58,Constitucion  Freire Vial,-35.3331,-72.4104,macroseismic,Stations_USGS,,0.564628,0.8059,,,,298.12,,,8.0,0.3,0.875,55.9888,1.0131,0.931872,1.0822,0.813433,1.4737,0.150268,inferred
OBSMH_45,Constitucion  Blanco Portales,-35.3284,-72.4086,macroseismic,Stations_USGS,,0.564627,0.8059,,,,298.12,,,8.0,0.3,0.875,55.9888,1.0131,0.931872,1.0822,0.813434,1.4737,0.150268,inferred
OBSMH_52,Constitucion  Freire Egana S,-35.334,-72.4098,macroseismic,Stations_USGS,,0.564533,0.8059,,,,561.69,,,8.0,0.3,0.875,55.9888,1.0131,0.93179,1.0822,0.813517,1.4737,0.150285,inferred
OBSMH_74,Constitucion  Onaderra Tocornal,-35.3355,-72.4103,macroseismic,Stations_USGS,,0.564526,0.8059,,,,561.69,,,8.0,0.3,0.875,55.9888,1.0131,0.931784,1.0822,0.813523,1.4737,0.150286,inferred
OBSMH_66,Constitucion O'Higgins Vial,-35.3326,-72.409,macroseismic,Stations_USGS,,0.564507,0.8059,,,,298.12,,,8.0,0.3,0.875,55.9888,1.0131,0.931767,1.0822,0.81354,1.4737,0.15029,inferred
OBSMH_57,Constitucion  Freire Tocornal,-35.3346,-72.4095,macroseismic,Stations_USGS,,0.56448,0.8059,,,,561.69,,,8.0,0.3,0.875,55.9888,1.0131,0.931744,1.0822,0.813563,1.4737,0.150294,inferred
OBSMH_47,Constitucion  Bulnes Vial N,-35.3317,-72.4082,macroseismic,Stations_USGS,,0.564461,0.8059,,,,298.12,,,8.0,0.3,0.875,55.9888,1.0131,0.931727,1.0822,0.81358,1.4737,0.150298,inferred
OBSMH_61,Constitucion O'Higgins Egana,-35.3333,-72.4087,macroseismic,Stations_USGS,,0.56445,0.8059,,,,298.12,,,8.0,0.3,0.875,55.9888,1.0131,0.931718,1.0822,0.81359,1.4737,0.1503,inferred
OBSMH_69,Constitucion  Onaderra Infante,-35.3365,-72.4098,macroseismic,Stations_USGS,,0.564438,0.8059,,,,561.69,,,8.0,0.3,0.875,55.9888,1.0131,0.931707,1.0822,0.813601,1.4737,0.150302,inferred
OBSMH_59,Constitucion O'Higgins Corporacion,-35.3339,-72.4082,macroseismic,Stations_USGS,,0.564377,0.8059,,,,561.69,,,8.0,0.3,0.875,55.9888,1.0131,0.931654,1.0822,0.813655,1.4737,0.150313,inferred
OBSMH_65,Constitucion O'Higgins Tocornal,-35.3347,-72.4085,macroseismic,Stations_USGS,,0.564377,0.8059,,,,561.69,,,8.0,0.3,0.875,55.9888,1.0131,0.931654,1.0822,0.813655,1.4737,0.150313,inferred
OBSMH_56,Constitucion  Freire Rosas,-35.3368,-72.4074,macroseismic,Stations_USGS,,0.564187,0.8059,,,,561.69,,,8.0,0.3,0.875,55.9888,1.0131,0.931489,1.0822,0.813823,1.4737,0.150348,inferred
OBSMH_46,Constitucion  Bulnes Infante,-35.3348,-72.4061,macroseismic,Stations_USGS,,0.564133,0.8059,,,,561.69,,,8.0,0.3,0.875,55.9888,1.0131,0.931443,1.0822,0.81387,1.4737,0.150358,inferred
OBSMH_67,Constitucion O'Higgins Zenteno,-35.3376,-72.4059,macroseismic,Stations_USGS,,0.564007,0.8059,,,,561.69,,,8.0,0.3,0.875,55.9888,1.0131,0.931333,1.0822,0.813982,1.4737,0.150381,inferred
OBSMH_49,Constitucion  Bulnes Zenteno,-35.3371,-72.4048,macroseismic,Stations_USGS,,0.563916,0.8059,,,,561.69,,,8.0,0.3,0.875,55.9888,1.0131,0.931255,1.0822,0.814062,1.4737,0.150398,inferred
OBSMH_62,Constitucion O'Higgins Hospital,-35.3396,-72.4046,macroseismic,Stations_USGS,,0.563802,0.8059,,,,561.69,,,8.0,0.3,0.875,55.9888,1.0131,0.931155,1.0822,0.814164,1.4737,0.150419,inferred
OBSMH_5,Chanco,-35.7392,-72.5348,macroseismic,Stations_USGS,,0.5622,0.8059,,,,356.12,,,8.0,0.3,0.875,55.9888,1.0131,0.929763,1.0822,0.815585,1.4737,0.150713,inferred
CRMA,Santiago Maipu,-33.517,-70.767,seismic,Stations_USGS,,0.562,0.0,,,,289.01,,,,,0.0,44.13,0.0,1.22,0.0,0.498,0.0,0.105,inferred
CMR,CRS MAIPU RM,-33.5,-70.772,seismic,Stations_USGS,,0.56,0.0,,,,289.01,,,,,,,,,,,,,inferred
UTM:(19H 014 594 10000),,-36.5745,-72.9669,macroseismic,Stations_USGS,,0.544695,0.8059,,,,569.81,,,7.9,0.3,0.875,52.0542,1.0131,0.893726,1.0822,0.739334,1.4737,0.13671,inferred
OBS_84,TomAc::BAo BAo::Chile 8 responses 80 km (Intensity VIII),-36.61,-72.96,macroseismic,Stations_USGS,,0.542872,0.8059,,,,555.47,,,7.9,0.3,0.875,52.0542,1.0131,0.892152,1.0822,0.740855,1.4737,0.137025,inferred
UTM:(19H 008 582 10000),,-37.6285,-73.7019,macroseismic,Stations_USGS,,0.539457,0.8059,,,,600.0,,,7.7,0.3,0.875,44.995,1.0131,0.849388,1.0822,0.587919,1.4737,0.108419,inferred
OBSAS_4,Curepto (Intensity VIII),-35.08,-72.02,macroseismic,Stations_USGS,,0.53873,0.8059,,,,475.17,,,8.0,0.3,0.875,55.9888,1.0131,0.909152,1.0822,0.837182,1.4737,0.155193,inferred
OBSAS_3,Licanten (Intensity VIII),-34.99,-71.98,macroseismic,Stations_USGS,,0.538463,0.8059,,,,509.25,,,8.0,0.3,0.875,55.9888,1.0131,0.908915,1.0822,0.837436,1.4737,0.155246,inferred
OBSMH_80,Curepto,-35.0938,-72.0175,macroseismic,Stations_USGS,,0.538093,0.8059,,,,475.17,,,8.0,0.3,0.875,55.9888,1.0131,0.908586,1.0822,0.837789,1.4737,0.155319,inferred
OBSAS_7,Cauquenes (Intensity VIII),-35.96,-72.32,macroseismic,Stations_USGS,,0.536745,0.8059,,,,279.59,,,8.0,0.3,0.875,55.9888,1.0131,0.907389,1.0822,0.839079,1.4737,0.155587,inferred
OBSMH_4,Cauquenes,-35.9667,-72.3152,macroseismic,Stations_USGS,,0.536195,0.8059,,,,234.97,,,8.0,0.3,0.875,55.9888,1.0131,0.9069,1.0822,0.839606,1.4737,0.155697,inferred
UTM:(19H 018 608 10000),,-35.3286,-72.4652,macroseismic,Stations_USGS,,0.536012,0.8059,,,,600.0,,,7.9,0.3,0.875,52.0542,1.0131,0.886207,1.0822,0.746652,1.4737,0.138227,inferred
OBS_34,Lebu::BAo BAo::Chile 3 responses 205 km (Intensity VIII),-37.61,-73.65,macroseismic,Stations_USGS,,0.531824,0.8059,,,,663.93,,,7.7,0.3,0.875,44.995,1.0131,0.843048,1.0822,0.593076,1.4737,0.109486,inferred
OBSMH_90,Marchihue,-34.397,-71.6181,macroseismic,Stations_USGS,,0.530539,0.8059,,,,282.91,,,8.0,0.3,0.875,55.9888,1.0131,0.901858,1.0822,0.845081,1.4737,0.156835,inferred
OBSAS_1,Peralillo (Intensity VIII),-34.44,-71.48,macroseismic,Stations_USGS,,0.519615,0.8059,,,,252.54,,,8.0,0.3,0.875,55.9888,1.0131,0.892048,1.0822,0.855926,1.4737,0.159092,inferred
OBSAS_2,Pumanque (Intensity VIII),-34.83,-71.64,macroseismic,Stations_USGS,,0.518825,0.8059,,,,656.51,,,8.0,0.3,0.875,55.9888,1.0131,0.891335,1.0822,0.856724,1.4737,0.159259,inferred
OBSMH_89,Los Angeles,-37.4707,-72.3516,macroseismic,Stations_USGS,,0.509952,0.8059,,,,262.03,,,8.0,0.3,0.875,55.9888,1.0131,0.883288,1.0822,0.86583,1.4737,0.161157,inferred
OBSMH_104,Santa Cruz,-34.6392,-71.3662,macroseismic,Stations_USGS,,0.507035,0.8059,,,,226.14,,,8.0,0.3,0.875,55.9888,1.0131,0.880628,1.0822,0.86888,1.4737,0.161794,inferred
OBSMH_131,Talca,-35.4265,-71.6661,macroseismic,Stations_USGS,,0.505649,0.8059,,,,240.48,,,8.0,0.3,0.875,55.9888,1.0131,0.879361,1.0822,0.87034,1.4737,0.162098,inferred
OBSAS_6,Talca (Intensity VIII),-35.42,-71.66,macroseismic,Stations_USGS,,0.505439,0.8059,,,,240.48,,,8.0,0.3,0.875,55.9888,1.0131,0.879169,1.0822,0.870561,1.4737,0.162144,inferred
OBSMH_101,San Carlos,-36.4207,-71.9527,macroseismic,Stations_USGS,,0.502662,0.8059,,,,251.39,,,8.0,0.3,0.875,55.9888,1.0131,0.876627,1.0822,0.873505,1.4737,0.162759,inferred
OBSMH_95,Parral,-36.1413,-71.8222,macroseismic,Stations_USGS,,0.500266,0.8059,,,,262.88,,,8.0,0.3,0.875,55.9888,1.0131,0.874427,1.0822,0.876068,1.4737,0.163294,inferred
OBSAS_8,Parral (Intensity VIII),-36.15,-71.82,macroseismic,Stations_USGS,,0.49999,0.8059,,,,262.88,,,8.0,0.3,0.875,55.9888,1.0131,0.874174,1.0822,0.876363,1.4737,0.163356,inferred
OBSMH_102,San Gregorio,-36.2829,-71.815,macroseismic,Stations_USGS,,0.497431,0.8059,,,,236.15,,,8.0,0.3,0.875,55.9888,1.0131,0.871819,1.0822,0.879124,1.4737,0.163933,inferred
OBSMH_88,Longavi railroad bridge,-36.0038,-71.724,macroseismic,Stations_USGS,,0.497402,0.8059,,,,256.22,,,8.0,0.3,0.875,55.9888,1.0131,0.871792,1.0822,0.879156,1.4737,0.16394,inferred
OBSMH_93,Nancagua,-34.6529,-71.2061,macroseismic,Stations_USGS,,0.497299,0.8059,,,,371.92,,,8.0,0.3,0.875,55.9888,1.0131,0.871698,1.0822,0.879267,1.4737,0.163963,inferred
OBSMH_96,Pintue,-33.8766,-70.8835,macroseismic,Stations_USGS,,0.496073,0.8059,,,,367.46,,,8.0,0.3,0.875,55.9888,1.0131,0.870567,1.0822,0.880599,1.4737,0.164241,inferred
OBSMH_7,Claro River bridge,-35.1832,-71.3916,macroseismic,Stations_USGS,,0.495595,0.8059,,,,268.0,,,8.0,0.3,0.875,55.9888,1.0131,0.870126,1.0822,0.881119,1.4737,0.16435,inferred
OBSMH_87,Linares,-35.8454,-71.598,macroseismic,Stations_USGS,,0.49342,0.8059,,,,246.83,,,8.0,0.3,0.875,55.9888,1.0131,0.868116,1.0822,0.883498,1.4737,0.164847,inferred
OBSMH_84,Curico  train station,-34.9841,-71.2463,macroseismic,Stations_USGS,,0.490607,0.8059,,,,280.17,,,8.0,0.3,0.875,55.9888,1.0131,0.865511,1.0822,0.886599,1.4737,0.165496,inferred
OBSMH_81,Curico  Carmen,-34.9819,-71.2391,macroseismic,Stations_USGS,,0.490094,0.8059,,,,280.17,,,8.0,0.3,0.875,55.9888,1.0131,0.865035,1.0822,0.887168,1.4737,0.165615,inferred
OBSMH_83,Curico  newspaper building,-34.9847,-71.24,macroseismic,Stations_USGS,,0.490082,0.8059,,,,280.17,,,8.0,0.3,0.875,55.9888,1.0131,0.865024,1.0822,0.887181,1.4737,0.165618,inferred
OBSMH_82,Curico  Iglesia San Francisco,-34.9866,-71.231,macroseismic,Stations_USGS,,0.489288,0.8059,,,,247.18,,,8.0,0.3,0.875,55.9888,1.0131,0.864286,1.0822,0.888063,1.4737,0.165802,inferred
OBSMH_2,Buin  Maipo,-33.7325,-70.7815,macroseismic,Stations_USGS,,0.482462,0.8059,,,,301.46,,,8.0,0.3,0.875,55.9888,1.0131,0.857926,1.0822,0.895743,1.4737,0.16741,inferred
OBSMH_94,Paine overpasses,-33.8665,-70.7415,macroseismic,Stations_USGS,,0.480814,0.8059,,,,226.33,,,8.0,0.3,0.875,55.9888,1.0131,0.856385,1.0822,0.897623,1.4737,0.167804,inferred
SJCH,Municip. San Jose de M,-33.64,-70.354,seismic,Stations_USGS,,0.48,0.0,,,,650.67,,,,,0.0,57.8,0.0,1.15,0.0,0.761,0.0,0.088,inferred
OBSMH_12,Concepcion  Arana & Caupolican (FIUC building),-32.8266,-73.051,macroseismic,Stations_USGS,,0.479306,0.8059,,,,600.0,,,8.0,0.3,0.875,55.9888,1.0131,0.854972,1.0822,0.899353,1.4737,0.168166,inferred
OBSMH_3,Buin  Recurso,-33.6903,-70.7034,macroseismic,Stations_USGS,,0.472074,0.8059,,,,293.53,,,8.0,0.3,0.875,55.9888,1.0131,0.848166,1.0822,0.907773,1.4737,0.169932,inferred
CUR,Curico,-34.981,-71.236,seismic,Stations_USGS,,0.471,0.0,,,,280.17,,,,,0.0,32.64,0.0,1.227,0.0,0.463,0.0,0.089,inferred
HCUR,Hosp. Curico,-34.99,-71.236,seismic,Stations_USGS,,0.47,0.0,,,,280.17,,,,,,,,,,,,,inferred
OBSMH_128,Santiago  San Jose condominium,-33.5949,-70.7132,macroseismic,Stations_USGS,,0.466957,0.8059,,,,402.75,,,8.0,0.3,0.875,55.9888,1.0131,0.84332,1.0822,0.913857,1.4737,0.171209,inferred
OBS_74,San Vicente::Libertador General Bernardo OEHiggins::Chile 4 responses 222 km (Intensity VIII),-34.43,-71.08,macroseismic,Stations_USGS,,0.464687,0.8059,,,,549.95,,,7.9,0.3,0.875,52.0542,1.0131,0.822117,1.0822,0.814944,1.4737,0.152473,inferred
OBSMH_120,Santiago  Luis Gandarillas,-33.5034,-70.7564,macroseismic,Stations_USGS,,0.462961,0.8059,,,,300.77,,,8.0,0.3,0.875,55.9888,1.0131,0.839518,1.0822,0.918683,1.4737,0.172223,inferred
OBSMH_113,Santiago  El Alto de Maipu,-33.5074,-70.7482,macroseismic,Stations_USGS,,0.462671,0.8059,,,,300.77,,,8.0,0.3,0.875,55.9888,1.0131,0.839242,1.0822,0.919036,1.4737,0.172297,inferred
HUA,Hualane,-34.95,-71.8,seismic,Stations_USGS,,0.461,0.0,,,,708.37,,,,,0.0,38.83,0.0,0.936,0.0,0.549,0.0,0.09,inferred
OBSMH_137,Valparaiso,-33.048,-71.6075,macroseismic,Stations_USGS,,0.452928,0.8059,,,,652.98,,,8.0,0.3,0.875,55.9888,1.0131,0.829904,1.0822,0.931103,1.4737,0.174834,inferred
OBS_51,Penco::BAo BAo::Chile 5 responses 94 km (Intensity VIII),-36.73,-73.0,macroseismic,Stations_USGS,,0.450963,0.8059,,,,600.0,,,7.6,0.3,0.875,41.833,1.0131,0.755528,1.0822,0.583396,1.4737,0.108836,inferred
OBSMH_130,Santiago  Vista Hipodromo building,-33.4065,-70.6633,macroseismic,Stations_USGS,,0.446844,0.8059,,,,344.77,,,8.0,0.3,0.875,55.9888,1.0131,0.824025,1.0822,0.938853,1.4737,0.176466,inferred
OBSMH_138,Vina del Mar,-33.0184,-71.5506,macroseismic,Stations_USGS,,0.446113,0.8059,,,,282.96,,,8.0,0.3,0.875,55.9888,1.0131,0.823315,1.0822,0.939796,1.4737,0.176665,inferred
OBSMH_121,Santiago  Mall Plaza Norte Huechuraba,-33.3662,-70.6782,macroseismic,Stations_USGS,,0.444201,0.8059,,,,585.66,,,8.0,0.3,0.875,55.9888,1.0131,0.821458,1.0822,0.942274,1.4737,0.177187,inferred
OBSMH_118,Santiago  Jardin del Norte de Huechuraba,-33.3614,-70.6755,macroseismic,Stations_USGS,,0.443572,0.8059,,,,585.66,,,8.0,0.3,0.875,55.9888,1.0131,0.820846,1.0822,0.943093,1.4737,0.177359,inferred
OBSMH_106,Santiago  Altos de Huechuraba,-33.3566,-70.6707,macroseismic,Stations_USGS,,0.442804,0.8059,,,,585.66,,,8.0,0.3,0.875,55.9888,1.0131,0.820099,1.0822,0.944095,1.4737,0.17757,inferred
UTM:(19H 020 601 10000),,-35.9648,-72.2712,macroseismic,Stations_USGS,,0.442121,0.8059,,,,296.54,,,7.7,0.3,0.875,44.995,1.0131,0.765026,1.0822,0.664175,1.4737,0.124299,inferred
UTM:(19H 030 618 10000),,-34.4581,-71.1229,macroseismic,Stations_USGS,,0.438879,0.8059,,,,233.52,,,7.8,0.3,0.875,48.3961,1.0131,0.779725,1.0822,0.750394,1.4737,0.140751,inferred
OBS_14,CaAtete::BAo BAo::Chile 5 responses 219 km (Intensity VIII),-37.81,-73.4,macroseismic,Stations_USGS,,0.436496,0.8059,,,,383.68,,,7.5,0.3,0.875,38.8932,1.0131,0.725873,1.0822,0.529169,1.4737,0.098789,inferred
OBS_24,Coronel::BAo BAo::Chile 10 responses 130 km (Intensity VIII),-37.03,-73.16,macroseismic,Stations_USGS,,0.430659,0.8059,,,,403.99,,,7.5,0.3,0.875,38.8932,1.0131,0.720754,1.0822,0.533553,1.4737,0.099707,inferred
UTM:(19H 013 591 10000),,-36.8405,-73.0927,macroseismic,Stations_USGS,,0.429095,0.8059,,,,496.01,,,7.5,0.3,0.875,38.8932,1.0131,0.719376,1.0822,0.534745,1.4737,0.099957,inferred
OBSAS_22,Concepcion (Intensity VIII),-36.82,-73.03,macroseismic,Stations_USGS,,0.424197,0.8059,,,,315.41,,,7.5,0.3,0.875,38.8932,1.0131,0.715048,1.0822,0.538521,1.4737,0.100748,inferred
OBS_15,Chiguayante::BAo BAo::Chile 25 responses 113 km (Intensity VIII),-36.9,-73.04,macroseismic,Stations_USGS,,0.423251,0.8059,,,,548.41,,,7.5,0.3,0.875,38.8932,1.0131,0.714209,1.0822,0.539258,1.4737,0.100903,inferred
OBSAS_9,Navidad (Intensity VIII),-33.95,-71.82,macroseismic,Stations_USGS,,0.414469,0.8059,,,,283.75,,,7.5,0.3,0.875,38.8932,1.0131,0.70638,1.0822,0.546233,1.4737,0.102366,inferred
OBS_45,Nacimiento::BAo BAo::Chile 4 responses 176 km (Intensity VIII),-37.5,-72.68,macroseismic,Stations_USGS,,0.414447,0.8059,,,,297.61,,,7.6,0.3,0.875,41.833,1.0131,0.722723,1.0822,0.614384,1.4737,0.115335,inferred
UTM:(19H 013 592 10000),,-36.7506,-73.088,macroseismic,Stations_USGS,,0.404861,0.8059,,,,232.22,,,7.4,0.3,0.875,36.16,1.0131,0.681926,1.0822,0.492689,1.4737,0.092335,inferred
CON,Concepcion,-36.6,-73.07,seismic,Stations_USGS,,0.402,0.0,,,,600.0,,,,,0.0,67.63,0.0,0.942,0.0,0.415,0.0,0.201,inferred
OBS_20,ConcepciAn::BAo BAo::Chile 166 responses 106 km (Intensity VII),-36.83,-73.05,macroseismic,Stations_USGS,,0.399969,0.8059,,,,211.93,,,7.4,0.3,0.875,36.16,1.0131,0.677581,1.0822,0.496374,1.4737,0.093109,inferred
OBSAS_12,Esperanza (Intensity VIII),-34.28,-71.63,macroseismic,Stations_USGS,,0.392279,0.8059,,,,290.24,,,7.5,0.3,0.875,38.8932,1.0131,0.686239,1.0822,0.564969,1.4737,0.10631,inferred
UTM:(19H 024 599 10000),,-36.1562,-71.8346,macroseismic,Stations_USGS,,0.390351,0.8059,,,,235.25,,,7.6,0.3,0.875,41.833,1.0131,0.700319,1.0822,0.637359,1.4737,0.12018,inferred
OBS_21,ConstituciAn::Maule::Chile 8 responses 70 km (Intensity VII),-35.33,-72.42,macroseismic,Stations_USGS,,0.389434,0.8059,,,,298.12,,,7.4,0.3,0.875,36.16,1.0131,0.668139,1.0822,0.504562,1.4737,0.094832,inferred
OBSAS_20,Gualleco (Intensity VIII),-35.24,-71.99,macroseismic,Stations_USGS,,0.389412,0.8059,,,,409.87,,,7.5,0.3,0.875,38.8932,1.0131,0.683597,1.0822,0.567515,1.4737,0.106847,inferred
OBSAS_21,Batuco (Intensity VIII),-35.32,-71.98,macroseismic,Stations_USGS,,0.387208,0.8059,,,,409.2,,,7.5,0.3,0.875,38.8932,1.0131,0.68156,1.0822,0.569493,1.4737,0.107264,inferred
OBS_73,San Vicente::Libertador General Bernardo OHiggins::Chile 6 responses 222 km (Intensity VIII),-34.43,-71.08,macroseismic,Stations_USGS,,0.385549,0.8059,,,,549.95,,,7.6,0.3,0.875,41.833,1.0131,0.695776,1.0822,0.642213,1.4737,0.121206,inferred
OBSAS_15,Poblacion (Intensity VIII),-34.44,-71.55,macroseismic,Stations_USGS,,0.384117,0.8059,,,,281.05,,,7.5,0.3,0.875,38.8932,1.0131,0.678695,1.0822,0.572297,1.4737,0.107856,inferred
OBS_81,Talcahuano::BAo BAo::Chile 36 responses 98 km (Intensity VII),-36.74,-73.13,macroseismic,Stations_USGS,,0.384083,0.8059,,,,311.19,,,7.3,0.3,0.875,33.6188,1.0131,0.648279,1.0822,0.452428,1.4737,0.084976,inferred
OBSAS_18,Lolol (Intensity VIII),-34.8,-71.62,macroseismic,Stations_USGS,,0.379745,0.8059,,,,900.0,,,7.5,0.3,0.875,38.8932,1.0131,0.674622,1.0822,0.576327,1.4737,0.108708,inferred
OBSAS_14,Pichidehua (Intensity VIII),-34.36,-71.28,macroseismic,Stations_USGS,,0.373201,0.8059,,,,313.76,,,7.5,0.3,0.875,38.8932,1.0131,0.668485,1.0822,0.5825,1.4737,0.110014,inferred
OBSAS_16,Santa Cruz (Intensity VIII),-34.64,-71.36,macroseismic,Stations_USGS,,0.371173,0.8059,,,,226.14,,,7.5,0.3,0.875,38.8932,1.0131,0.666574,1.0822,0.584448,1.4737,0.110426,inferred
OBS_50,Parral::Maule::Chile 4 responses 85 km (Intensity VIII),-36.14,-71.83,macroseismic,Stations_USGS,,0.366825,0.8059,,,,262.88,,,7.5,0.3,0.875,38.8932,1.0131,0.662457,1.0822,0.588685,1.4737,0.111324,inferred
OBSAS_13,Coltauco (Intensity VIII),-34.3,-71.1,macroseismic,Stations_USGS,,0.36649,0.8059,,,,464.84,,,7.5,0.3,0.875,38.8932,1.0131,0.662139,1.0822,0.589014,1.4737,0.111394,inferred
OBSAS_17,Chepica (Intensity VIII),-34.73,-71.28,macroseismic,Stations_USGS,,0.366252,0.8059,,,,236.63,,,7.5,0.3,0.875,38.8932,1.0131,0.661913,1.0822,0.589249,1.4737,0.111443,inferred
OBSAS_10,Donihue (Intensity VIII),-34.23,-70.96,macroseismic,Stations_USGS,,0.359582,0.8059,,,,432.18,,,7.5,0.3,0.875,38.8932,1.0131,0.655548,1.0822,0.595925,1.4737,0.112859,inferred
OBSAS_19,Curico (Intensity VIII),-34.98,-71.22,macroseismic,Stations_USGS,,0.357929,0.8059,,,,247.18,,,7.5,0.3,0.875,38.8932,1.0131,0.653962,1.0822,0.59761,1.4737,0.113217,inferred
UTM:(19H 029 611 10000),,-35.087,-71.2488,macroseismic,Stations_USGS,,0.35728,0.8059,,,,295.41,,,7.5,0.3,0.875,38.8932,1.0131,0.653338,1.0822,0.598275,1.4737,0.113358,inferred
OBSAS_11,Coinco (Intensity VIII),-34.27,-70.94,macroseismic,Stations_USGS,,0.35708,0.8059,,,,699.42,,,7.5,0.3,0.875,38.8932,1.0131,0.653146,1.0822,0.59848,1.4737,0.113402,inferred
OBS_41,Melipilla::Metropolitana::Chile 9 responses 282 km (Intensity VII),-33.69,-71.22,macroseismic,Stations_USGS,,0.355823,0.8059,,,,257.8,,,7.4,0.3,0.875,36.16,1.0131,0.637175,1.0822,0.533262,1.4737,0.100898,inferred
m2ar,Vina Del Mar  El Salt,-33.047,-71.51,seismic,Stations_USGS,,0.353,0.0,,,,604.2,,,,,0.0,44.58,0.0,0.669,0.0,0.128,0.0,0.073,inferred
UTM:(19H 020 584 10000),,-37.4948,-72.3368,macroseismic,Stations_USGS,,0.350215,0.8059,,,,262.03,,,7.4,0.3,0.875,36.16,1.0131,0.631876,1.0822,0.538479,1.4737,0.102005,inferred
UTM:(19H 025 607 10000),,-35.4383,-71.699,macroseismic,Stations_USGS,,0.349227,0.8059,,,,255.06,,,7.4,0.3,0.875,36.16,1.0131,0.630938,1.0822,0.539413,1.4737,0.102204,inferred
UTM:(19H 028 616 10000),,-34.6344,-71.3456,macroseismic,Stations_USGS,,0.348304,0.8059,,,,226.14,,,7.4,0.3,0.875,36.16,1.0131,0.630061,1.0822,0.540288,1.4737,0.10239,inferred
OBS_13,Cauquenes::Maule::Chile 9 responses 37 km (Intensity VII),-35.96,-72.32,macroseismic,Stations_USGS,,0.347199,0.8059,,,,279.59,,,7.3,0.3,0.875,33.6188,1.0131,0.614768,1.0822,0.481308,1.4737,0.091078,inferred
MAT,Matanzas,-33.959,-71.873,seismic,Stations_USGS,,0.342,0.0,,,,600.0,,,,,0.0,43.35,0.0,0.896,0.0,0.702,0.0,0.138,inferred
STL,Cerro Santa Lucia,-33.44,-70.643,seismic,Stations_USGS,,0.339,0.0,,,,335.54,,,,,0.0,45.1,0.0,0.76,0.0,0.631,0.0,0.146,inferred
OBS_44,Molina::Maule::Chile 3 responses 158 km (Intensity VII),-35.11,-71.28,macroseismic,Stations_USGS,,0.33701,0.8059,,,,288.35,,,7.4,0.3,0.875,36.16,1.0131,0.619236,1.0822,0.551315,1.4737,0.104735,inferred
VINA,Vina Del Mar  Centro,-33.025,-71.553,seismic,Stations_USGS,,0.334,0.0,,,,282.96,,,,,0.0,32.61,0.0,0.639,0.0,0.471,0.0,0.055,inferred
OBS_67,San Fernando::Libertador General Bernardo OEHiggins::Chile 4 responses 216 km (Intensity VII),-34.58,-70.99,macroseismic,Stations_USGS,,0.331096,0.8059,,,,287.28,,,7.4,0.3,0.875,36.16,1.0131,0.6135,1.0822,0.55733,1.4737,0.106016,inferred
OBS_16,ChillAn::BAo BAo::Chile 43 responses 94 km (Intensity VII),-36.6,-72.11,macroseismic,Stations_USGS,,0.329078,0.8059,,,,274.83,,,7.3,0.3,0.875,33.6188,1.0131,0.597685,1.0822,0.497384,1.4737,0.094495,inferred
OBS_75,Santa Cruz::Libertador General Bernardo OHiggins::Chile 7 responses 188 km (Intensity VII),-34.63,-71.37,macroseismic,Stations_USGS,,0.328279,0.8059,,,,221.28,,,7.3,0.3,0.875,33.6188,1.0131,0.596922,1.0822,0.498126,1.4737,0.094653,inferred
OBS_80,Talca::Maule::Chile 54 responses 111 km (Intensity VII),-35.42,-71.66,macroseismic,Stations_USGS,,0.326949,0.8059,,,,240.48,,,7.3,0.3,0.875,33.6188,1.0131,0.595649,1.0822,0.499367,1.4737,0.094917,inferred
OBSMH_10,Concepcion  Arana & Angol,-36.3287,-73.0546,macroseismic,Stations_USGS,,0.321817,0.8059,,,,600.0,,,7.0,0.3,0.875,27.0175,1.0131,0.551494,1.0822,0.354394,1.4737,0.067096,inferred
OBSMH_133,Talcahuano  Blanco Encalada,-36.7136,-73.1117,macroseismic,Stations_USGS,,0.317919,0.8059,,,,533.54,,,7.0,0.3,0.875,27.0175,1.0131,0.547972,1.0822,0.357051,1.4737,0.06766,inferred
OBS_52,PeAtaflor::Metropolitana::Chile 7 responses 303 km (Intensity VII),-33.62,-70.92,macroseismic,Stations_USGS,,0.315202,0.8059,,,,290.53,,,7.3,0.3,0.875,33.6188,1.0131,0.584301,1.0822,0.510692,1.4737,0.097333,inferred
OBSAS_53,Lota (Intensity VII),-37.09,-73.16,macroseismic,Stations_USGS,,0.31451,0.8059,,,,425.92,,,7.0,0.3,0.875,27.0175,1.0131,0.544874,1.0822,0.359419,1.4737,0.068163,inferred
UTM:(19H 033 625 10000),,-33.8324,-70.7832,macroseismic,Stations_USGS,,0.314006,0.8059,,,,284.46,,,7.3,0.3,0.875,33.6188,1.0131,0.583134,1.0822,0.511884,1.4737,0.097587,inferred
OBSMH_37,Concepcion  Plaza Espana,-36.8297,-73.0585,macroseismic,Stations_USGS,,0.312365,0.8059,,,,211.93,,,7.0,0.3,0.875,27.0175,1.0131,0.542918,1.0822,0.360929,1.4737,0.068484,inferred
OBSMH_42,Concepcion  San Martin & Lincoyan,-36.8304,-73.0527,macroseismic,Stations_USGS,,0.311991,0.8059,,,,211.93,,,7.0,0.3,0.875,27.0175,1.0131,0.542576,1.0822,0.361194,1.4737,0.068541,inferred
OBSMH_33,Concepcion O'Higgins & Rengo,-36.8286,-73.0517,macroseismic,Stations_USGS,,0.311959,0.8059,,,,211.93,,,7.0,0.3,0.875,27.0175,1.0131,0.542547,1.0822,0.361217,1.4737,0.068546,inferred
OBSMH_36,Concepcion  Plaza de la Independencia,-36.8271,-73.0502,macroseismic,Stations_USGS,,0.311891,0.8059,,,,211.93,,,7.0,0.3,0.875,27.0175,1.0131,0.542485,1.0822,0.361265,1.4737,0.068556,inferred
OBSMH_13,Concepcion  Arana & Colo Colo,-36.8257,-73.0488,macroseismic,Stations_USGS,,0.311828,0.8059,,,,211.93,,,7.0,0.3,0.875,27.0175,1.0131,0.542427,1.0822,0.36131,1.4737,0.068565,inferred
OBSMH_31,Concepcion  O'Higgins & Colo Colo,-36.8271,-73.0476,macroseismic,Stations_USGS,,0.31173,0.8059,,,,211.93,,,7.0,0.3,0.875,27.0175,1.0131,0.542337,1.0822,0.36138,1.4737,0.06858,inferred
OBSMH_25,Concepcion  Freire & Paicavi,-36.822,-73.0432,macroseismic,Stations_USGS,,0.311543,0.8059,,,,211.93,,,7.0,0.3,0.875,27.0175,1.0131,0.542166,1.0822,0.361513,1.4737,0.068609,inferred
OBS_49,Paine::Metropolitana::Chile 10 responses 294 km (Intensity VII),-33.82,-70.75,macroseismic,Stations_USGS,,0.311515,0.8059,,,,292.41,,,7.3,0.3,0.875,33.6188,1.0131,0.580698,1.0822,0.514388,1.4737,0.098123,inferred
OBSMH_22,Concepcion  Freire & Galvarino,-36.8209,-73.039,macroseismic,Stations_USGS,,0.311302,0.8059,,,,211.93,,,7.0,0.3,0.875,27.0175,1.0131,0.541946,1.0822,0.361684,1.4737,0.068645,inferred
OBSMH_23,Concepcion  Freire & Licentur,-36.8202,-73.0361,macroseismic,Stations_USGS,,0.311136,0.8059,,,,211.93,,,7.0,0.3,0.875,27.0175,1.0131,0.541794,1.0822,0.361803,1.4737,0.06867,inferred
OBS_39,Los Angeles::BAo BAo::Chile 35 responses 175 km (Intensity VII),-37.46,-72.36,macroseismic,Stations_USGS,,0.310364,0.8059,,,,278.7,,,7.2,0.3,0.875,31.2562,1.0131,0.566446,1.0822,0.458384,1.4737,0.087314,inferred
OBSAS_50,Penco (Intensity VII),-36.74,-73.0,macroseismic,Stations_USGS,,0.310273,0.8059,,,,501.89,,,7.0,0.3,0.875,27.0175,1.0131,0.541003,1.0822,0.362419,1.4737,0.068801,inferred
OBSAS_51,Tome (Intensity VII),-36.62,-72.95,macroseismic,Stations_USGS,,0.309294,0.8059,,,,555.47,,,7.0,0.3,0.875,27.0175,1.0131,0.540106,1.0822,0.363121,1.4737,0.068951,inferred
F,Santiago Centro,-33.467,-70.652,seismic,Stations_USGS,,0.309,0.0,,,,286.21,,,,,0.0,25.64,,,,,,,inferred
OBSAS_44,Cobquecura (Intensity VII),-36.13,-72.78,macroseismic,Stations_USGS,,0.30804,0.8059,,,,660.14,,,7.0,0.3,0.875,27.0175,1.0131,0.538953,1.0822,0.364027,1.4737,0.069144,inferred
LACH,Colegio Las Americas,-33.45,-70.531,seismic,Stations_USGS,,0.308,0.0,,,,814.62,,,,,0.0,88.3,0.0,0.883,0.0,0.616,0.0,0.1,inferred
OBSAS_49,Bulnes (Intensity VII),-36.74,-72.93,macroseismic,Stations_USGS,,0.306168,0.8059,,,,453.91,,,7.0,0.3,0.875,27.0175,1.0131,0.537229,1.0822,0.365389,1.4737,0.069434,inferred
OBSAS_26,Matanza (Intensity VII),-33.96,-71.87,macroseismic,Stations_USGS,,0.306103,0.8059,,,,600.0,,,7.0,0.3,0.875,27.0175,1.0131,0.537168,1.0822,0.365437,1.4737,0.069444,inferred
OBSAS_25,La Boca (Intensity VII),-33.93,-71.84,macroseismic,Stations_USGS,,0.305254,0.8059,,,,325.65,,,7.0,0.3,0.875,27.0175,1.0131,0.536385,1.0822,0.366059,1.4737,0.069576,inferred
OBS_59,Rancagua::Libertador General Bernardo OEHiggins::Chile 11 responses 265 km (Intensity VII),-34.17,-70.74,macroseismic,Stations_USGS,,0.304314,0.8059,,,,291.45,,,7.3,0.3,0.875,33.6188,1.0131,0.573602,1.0822,0.521815,1.4737,0.099712,inferred
VAU,Valparaiso UTFSM,-33.036,-71.595,seismic,Stations_USGS,,0.304,0.0,,,,513.49,,,,,0.0,16.02,0.0,0.522,0.0,0.148,0.0,0.042,inferred
OBSMH_75,Constitucion  Onaderra Vial,-35.3333,-72.411,macroseismic,Stations_USGS,,0.303063,0.8059,,,,298.12,,,7.0,0.3,0.875,27.0175,1.0131,0.534357,1.0822,0.36768,1.4737,0.069922,inferred
OBSMH_51,Constitucion  Freire Egana N,-35.3337,-72.41,macroseismic,Stations_USGS,,0.303001,0.8059,,,,561.69,,,7.0,0.3,0.875,27.0175,1.0131,0.5343,1.0822,0.367726,1.4737,0.069931,inferred
OBSMH_76,Constitucion  Zanartu Infante,-35.3375,-72.4107,macroseismic,Stations_USGS,,0.30296,0.8059,,,,561.69,,,7.0,0.3,0.875,27.0175,1.0131,0.534262,1.0822,0.367756,1.4737,0.069938,inferred
OBSAS_42,Chanco (Intensity VII),-35.73,-72.52,macroseismic,Stations_USGS,,0.301125,0.8059,,,,394.68,,,7.0,0.3,0.875,27.0175,1.0131,0.532558,1.0822,0.369128,1.4737,0.07023,inferred
OBSMH_92,Nacimiento / water tank,-37.1234,-72.9288,macroseismic,Stations_USGS,,0.300643,0.8059,,,,439.01,,,7.0,0.3,0.875,27.0175,1.0131,0.53211,1.0822,0.369491,1.4737,0.070308,inferred
UTM:(19H 026 603 10000),,-35.801,-71.6007,macroseismic,Stations_USGS,,0.300575,0.8059,,,,248.44,,,7.2,0.3,0.875,31.2562,1.0131,0.556983,1.0822,0.467476,1.4737,0.089258,inferred
HTR,Hosp. Tisne RM,-33.5,-70.579,seismic,Stations_USGS,,0.3,0.0,,,,308.23,,,,,,,,,,,,,inferred
OBS_79,Talagante::Metropolitana::Chile 15 responses 299 km (Intensity VII),-33.66,-70.93,macroseismic,Stations_USGS,,0.298866,0.8059,,,,302.8,,,7.2,0.3,0.875,31.2562,1.0131,0.555315,1.0822,0.469113,1.4737,0.089608,inferred
OBSAS_23,El Convento (Intensity VII),-33.77,-71.62,macroseismic,Stations_USGS,,0.297996,0.8059,,,,512.93,,,7.0,0.3,0.875,27.0175,1.0131,0.529642,1.0822,0.371499,1.4737,0.070736,inferred
UTM:(19H 032 627 10000),,-33.6504,-70.8872,macroseismic,Stations_USGS,,0.296238,0.8059,,,,300.56,,,7.2,0.3,0.875,31.2562,1.0131,0.552743,1.0822,0.471659,1.4737,0.090153,inferred
OBSAS_28,Litueche (Intensity VII),-34.12,-71.73,macroseismic,Stations_USGS,,0.295046,0.8059,,,,331.97,,,7.0,0.3,0.875,27.0175,1.0131,0.526879,1.0822,0.373771,1.4737,0.071221,inferred
HSOR,Santiago Penalolen,-33.501,-70.579,seismic,Stations_USGS,,0.295,0.0,,,,308.23,,,,,0.0,29.3,0.0,1.056,0.0,0.355,0.0,0.081,inferred
OBSAS_24,San Enrique (Intensity VII),-33.91,-71.61,macroseismic,Stations_USGS,,0.29422,0.8059,,,,440.08,,,7.0,0.3,0.875,27.0175,1.0131,0.526103,1.0822,0.374414,1.4737,0.071359,inferred
OBSAS_45,Quirihue (Intensity VII),-36.28,-72.55,macroseismic,Stations_USGS,,0.293639,0.8059,,,,331.5,,,7.0,0.3,0.875,27.0175,1.0131,0.525557,1.0822,0.374867,1.4737,0.071455,inferred
OBSMH_98,Quirihue,-36.2817,-72.5418,macroseismic,Stations_USGS,,0.293237,0.8059,,,,331.5,,,7.0,0.3,0.875,27.0175,1.0131,0.525178,1.0822,0.375182,1.4737,0.071523,inferred
UTM:(19H 032 619 10000),,-34.3716,-70.9032,macroseismic,Stations_USGS,,0.291709,0.8059,,,,271.48,,,7.2,0.3,0.875,31.2562,1.0131,0.548284,1.0822,0.476134,1.4737,0.091113,inferred
OBSAS_41,Empedrado (Intensity VII),-35.59,-72.27,macroseismic,Stations_USGS,,0.291501,0.8059,,,,315.81,,,7.0,0.3,0.875,27.0175,1.0131,0.523541,1.0822,0.37655,1.4737,0.071815,inferred
OBSAS_52,Florida (Intensity VII),-36.82,-72.66,macroseismic,Stations_USGS,,0.2915,0.8059,,,,362.72,,,7.0,0.3,0.875,27.0175,1.0131,0.52354,1.0822,0.376552,1.4737,0.071815,inferred
OBSMH_86,Licanten,-34.986,-72.0092,macroseismic,Stations_USGS,,0.290314,0.8059,,,,489.93,,,7.0,0.3,0.875,27.0175,1.0131,0.52242,1.0822,0.377493,1.4737,0.072017,inferred
OBS_32,Laja::BAo BAo::Chile 3 responses 152 km (Intensity VII),-37.28,-72.71,macroseismic,Stations_USGS,,0.288604,0.8059,,,,355.55,,,7.0,0.3,0.875,27.0175,1.0131,0.5208,1.0822,0.378862,1.4737,0.072309,inferred
OBSAS_30,La Estrella (Intensity VII),-34.26,-71.64,macroseismic,Stations_USGS,,0.28818,0.8059,,,,439.33,,,7.0,0.3,0.875,27.0175,1.0131,0.520397,1.0822,0.379204,1.4737,0.072382,inferred
UTM:(19H 017 586 10000),,-37.3049,-72.6667,macroseismic,Stations_USGS,,0.286555,0.8059,,,,348.53,,,7.0,0.3,0.875,27.0175,1.0131,0.518853,1.0822,0.38052,1.4737,0.072664,inferred
OBSAS_46,Ninhue (Intensity VII),-36.39,-72.4,macroseismic,Stations_USGS,,0.285705,0.8059,,,,900.0,,,7.0,0.3,0.875,27.0175,1.0131,0.518043,1.0822,0.381214,1.4737,0.072813,inferred
OBSAS_48,Quillon (Intensity VII),-36.74,-72.47,macroseismic,Stations_USGS,,0.284447,0.8059,,,,344.45,,,7.0,0.3,0.875,27.0175,1.0131,0.516842,1.0822,0.382247,1.4737,0.073034,inferred
OBS_2,Angol::AraucanAa::Chile 8 responses 208 km (Intensity VII),-37.79,-72.71,macroseismic,Stations_USGS,,0.284101,0.8059,,,,501.84,,,7.0,0.3,0.875,27.0175,1.0131,0.516511,1.0822,0.382532,1.4737,0.073095,inferred
OBSMH_1,Angol,-37.7989,-72.709,macroseismic,Stations_USGS,,0.283993,0.8059,,,,501.84,,,7.0,0.3,0.875,27.0175,1.0131,0.516408,1.0822,0.382621,1.4737,0.073114,inferred
UTM:(19H 017 581 10000),,-37.7546,-72.6889,macroseismic,Stations_USGS,,0.283552,0.8059,,,,593.6,,,7.0,0.3,0.875,27.0175,1.0131,0.515986,1.0822,0.382986,1.4737,0.073192,inferred
OBSAS_36,Hualane (Intensity VII),-34.98,-71.81,macroseismic,Stations_USGS,,0.282356,0.8059,,,,400.35,,,7.0,0.3,0.875,27.0175,1.0131,0.514841,1.0822,0.383979,1.4737,0.073405,inferred
OBS_37,Linares::Maule::Chile 10 responses 103 km (Intensity VII),-35.84,-71.59,macroseismic,Stations_USGS,,0.281601,0.8059,,,,246.83,,,7.1,0.3,0.875,29.0597,1.0131,0.526027,1.0822,0.432582,1.4737,0.082854,inferred
UTM:(19H 027 606 10000),,-35.5331,-71.4817,macroseismic,Stations_USGS,,0.281589,0.8059,,,,284.0,,,7.1,0.3,0.875,29.0597,1.0131,0.526016,1.0822,0.432593,1.4737,0.082856,inferred
UTM:(19H 029 612 10000),,-34.9969,-71.2463,macroseismic,Stations_USGS,,0.279995,0.8059,,,,280.17,,,7.1,0.3,0.875,29.0597,1.0131,0.524448,1.0822,0.434101,1.4737,0.08318,inferred
OBSAS_33,Las Pataguas (Intensity VII),-34.5,-71.5,macroseismic,Stations_USGS,,0.278621,0.8059,,,,707.21,,,7.0,0.3,0.875,27.0175,1.0131,0.511249,1.0822,0.387126,1.4737,0.074079,inferred
OBSAS_39,Pencahue (Intensity VII),-35.34,-71.81,macroseismic,Stations_USGS,,0.277171,0.8059,,,,225.88,,,7.0,0.3,0.875,27.0175,1.0131,0.509849,1.0822,0.388366,1.4737,0.074345,inferred
UTM:(19H 031 617 10000),,-34.5501,-71.0162,macroseismic,Stations_USGS,,0.276778,0.8059,,,,900.0,,,7.1,0.3,0.875,29.0597,1.0131,0.521272,1.0822,0.437186,1.4737,0.083843,inferred
OBS_63,San Antonio::ValparaAso::Chile 42 responses 275 km (Intensity VII),-33.6,-71.61,macroseismic,Stations_USGS,,0.275881,0.8059,,,,420.51,,,6.9,0.3,0.875,25.1189,1.0131,0.497085,1.0822,0.346286,1.4737,0.0662,inferred
OBSAS_47,San Carlos (Intensity VII),-36.42,-71.96,macroseismic,Stations_USGS,,0.270005,0.8059,,,,251.39,,,7.0,0.3,0.875,27.0175,1.0131,0.502877,1.0822,0.394651,1.4737,0.075695,inferred
HSRR,Hosp. Sotero de Rio RM,-33.57,-70.582,seismic,Stations_USGS,,0.27,0.0,,,,310.19,,,,,,,,,,,,,inferred
ANTU,Cien Agronomicas UC,-33.569,-70.633,seismic,Stations_USGS,,0.27,0.0,,,,309.0,,,,,0.0,25.7,0.0,0.528,0.0,0.392,0.0,0.1,inferred
OBSAS_31,Peumo (Intensity VII),-34.38,-71.17,macroseismic,Stations_USGS,,0.269717,0.8059,,,,245.15,,,7.0,0.3,0.875,27.0175,1.0131,0.502594,1.0822,0.39491,1.4737,0.075751,inferred
OBS_29,Graneros::Libertador General Bernardo OHiggins::Chile 4 responses 274 km (Intensity VII),-34.07,-70.72,macroseismic,Stations_USGS,,0.269678,0.8059,,,,261.98,,,7.1,0.3,0.875,29.0597,1.0131,0.514198,1.0822,0.444206,1.4737,0.085353,inferred
OBS_58,Rancagua::Libertador General Bernardo OHiggins::Chile 31 responses 265 km (Intensity VII),-34.17,-70.74,macroseismic,Stations_USGS,,0.2687,0.8059,,,,291.45,,,7.1,0.3,0.875,29.0597,1.0131,0.513217,1.0822,0.445196,1.4737,0.085566,inferred
OBSAS_43,Retiro (Intensity VII),-36.03,-71.77,macroseismic,Stations_USGS,,0.268032,0.8059,,,,234.93,,,7.0,0.3,0.875,27.0175,1.0131,0.500941,1.0822,0.396429,1.4737,0.076077,inferred
OBSMH_100,Retiro,-36.0524,-71.7661,macroseismic,Stations_USGS,,0.267702,0.8059,,,,229.85,,,7.0,0.3,0.875,27.0175,1.0131,0.500617,1.0822,0.396729,1.4737,0.076142,inferred
OBSAS_40,Bobadilla (Intensity VII),-35.55,-71.58,macroseismic,Stations_USGS,,0.267419,0.8059,,,,269.35,,,7.0,0.3,0.875,27.0175,1.0131,0.500339,1.0822,0.396986,1.4737,0.076197,inferred
OBSAS_35,Rauco (Intensity VII),-34.93,-71.31,macroseismic,Stations_USGS,,0.266597,0.8059,,,,842.72,,,7.0,0.3,0.875,27.0175,1.0131,0.499529,1.0822,0.397736,1.4737,0.076359,inferred
OBSAS_32,San Vicente (Intensity VII),-34.44,-71.08,macroseismic,Stations_USGS,,0.265231,0.8059,,,,242.58,,,7.0,0.3,0.875,27.0175,1.0131,0.498183,1.0822,0.39899,1.4737,0.076628,inferred
HSOT,Santiago Puente Alto,-33.577,-70.581,seismic,Stations_USGS,,0.265,0.0,,,,310.19,,,,,0.0,31.45,0.0,0.728,0.0,0.314,0.0,0.088,inferred
VAL,Valparaiso Almendral,-33.03,-71.62,seismic,Stations_USGS,,0.265,0.0,,,,600.0,,,,,0.0,29.15,0.0,0.732,0.0,0.632,0.0,0.042,inferred
OBS_65,San Clemente::Maule::Chile 3 responses 120 km (Intensity VII),-35.53,-71.49,macroseismic,Stations_USGS,,0.264928,0.8059,,,,284.0,,,7.0,0.3,0.875,27.0175,1.0131,0.497883,1.0822,0.39927,1.4737,0.076689,inferred
OBS_25,CuricA::Maule::Chile 24 responses 170 km (Intensity VII),-34.98,-71.24,macroseismic,Stations_USGS,,0.263102,0.8059,,,,280.17,,,7.0,0.3,0.875,27.0175,1.0131,0.496076,1.0822,0.400966,1.4737,0.077054,inferred
OBSAS_37,Molina (Intensity VII),-35.11,-71.28,macroseismic,Stations_USGS,,0.262745,0.8059,,,,288.35,,,7.0,0.3,0.875,27.0175,1.0131,0.495722,1.0822,0.4013,1.4737,0.077126,inferred
OBSAS_34,Teno (Intensity VII),-34.87,-71.16,macroseismic,Stations_USGS,,0.261325,0.8059,,,,299.18,,,7.0,0.3,0.875,27.0175,1.0131,0.494312,1.0822,0.402635,1.4737,0.077413,inferred
OBSAS_38,Cumpeo (Intensity VII),-35.28,-71.27,macroseismic,Stations_USGS,,0.259521,0.8059,,,,312.98,,,7.0,0.3,0.875,27.0175,1.0131,0.492515,1.0822,0.404348,1.4737,0.077783,inferred
UTM:(19H 033 626 10000),,-33.7422,-70.7813,macroseismic,Stations_USGS,,0.259155,0.8059,,,,308.55,,,7.0,0.3,0.875,27.0175,1.0131,0.49215,1.0822,0.404698,1.4737,0.077858,inferred
OBS_66,San Fernando::Libertador General Bernardo OHiggins::Chile 6 responses 216 km (Intensity VII),-34.58,-70.99,macroseismic,Stations_USGS,,0.258134,0.8059,,,,287.28,,,7.0,0.3,0.875,27.0175,1.0131,0.49113,1.0822,0.405678,1.4737,0.078069,inferred
OBS_60,Rengo::Libertador General Bernardo OHiggins::Chile 4 responses 237 km (Intensity VII),-34.41,-70.87,macroseismic,Stations_USGS,,0.254964,0.8059,,,,274.41,,,7.0,0.3,0.875,27.0175,1.0131,0.48795,1.0822,0.408762,1.4737,0.078735,inferred
UTM:(19H 025 605 10000),,-35.6184,-71.7051,macroseismic,Stations_USGS,,0.254068,0.8059,,,,263.41,,,6.9,0.3,0.875,25.1189,1.0131,0.47602,1.0822,0.364217,1.4737,0.070053,inferred
OBSMH_85,Graneros,-34.0644,-70.7263,macroseismic,Stations_USGS,,0.25389,0.8059,,,,298.5,,,7.0,0.3,0.875,27.0175,1.0131,0.486867,1.0822,0.409822,1.4737,0.078964,inferred
OBSMH_99,Rancagua,-34.1707,-70.7407,macroseismic,Stations_USGS,,0.252514,0.8059,,,,291.45,,,7.0,0.3,0.875,27.0175,1.0131,0.485478,1.0822,0.411189,1.4737,0.079259,inferred
OBSAS_27,Rengo (Intensity VII),-34.04,-70.67,macroseismic,Stations_USGS,,0.251128,0.8059,,,,323.66,,,7.0,0.3,0.875,27.0175,1.0131,0.484076,1.0822,0.412578,1.4737,0.079559,inferred
UTM:(19H 034 622 10000),,-34.1043,-70.6805,macroseismic,Stations_USGS,,0.250413,0.8059,,,,275.09,,,7.0,0.3,0.875,27.0175,1.0131,0.483351,1.0822,0.4133,1.4737,0.079715,inferred
OBSAS_54,Pomaire (Intensity VII),-33.65,-72.17,macroseismic,Stations_USGS,,0.24767,0.8059,,,,600.0,,,6.5,0.3,0.875,18.768,1.0131,0.428566,1.0822,0.231183,1.4737,0.044247,inferred
OBSAS_29,Machali (Intensity VII),-34.19,-70.66,macroseismic,Stations_USGS,,0.247521,0.8059,,,,450.98,,,7.0,0.3,0.875,27.0175,1.0131,0.480408,1.0822,0.416253,1.4737,0.080354,inferred
OBSMH_105,Santiago  airport,-33.3967,-70.7936,macroseismic,Stations_USGS,,0.244121,0.8059,,,,223.14,,,7.0,0.3,0.875,27.0175,1.0131,0.476927,1.0822,0.419797,1.4737,0.081121,inferred
OBSMH_122,Santiago  overpass  Vespucio Norte & Lo Boza,-33.3865,-70.7602,macroseismic,Stations_USGS,,0.242396,0.8059,,,,453.68,,,7.0,0.3,0.875,27.0175,1.0131,0.475153,1.0822,0.421625,1.4737,0.081517,inferred
OBSAS_55,Santiago (Intensity VII),-33.45,-70.67,macroseismic,Stations_USGS,,0.24217,0.8059,,,,306.36,,,7.0,0.3,0.875,27.0175,1.0131,0.47492,1.0822,0.421866,1.4737,0.081569,inferred
OBS_18,Colina::Metropolitana::Chile 15 responses 303 km (Intensity VII),-33.7,-70.77,macroseismic,Stations_USGS,,0.24187,0.8059,,,,301.46,,,6.9,0.3,0.875,25.1189,1.0131,0.463864,1.0822,0.375368,1.4737,0.072462,inferred
OBSMH_114,Santiago  Embajodor Gomez,-33.4156,-70.6976,macroseismic,Stations_USGS,,0.241611,0.8059,,,,304.48,,,7.0,0.3,0.875,27.0175,1.0131,0.474343,1.0822,0.422464,1.4737,0.081699,inferred
OBS_8,Buin::Metropolitana::Chile 5 responses 302 km (Intensity VII),-33.73,-70.75,macroseismic,Stations_USGS,,0.241556,0.8059,,,,291.14,,,6.9,0.3,0.875,25.1189,1.0131,0.463548,1.0822,0.375667,1.4737,0.072526,inferred
OBSMH_107,Santiago  Av Libertador Bernardo O'Higgins,-33.443,-70.6468,macroseismic,Stations_USGS,,0.24087,0.8059,,,,335.54,,,7.0,0.3,0.875,27.0175,1.0131,0.473578,1.0822,0.42326,1.4737,0.081871,inferred
OBSMH_111,Santiago  Don Manuel building,-33.4754,-70.5985,macroseismic,Stations_USGS,,0.240191,0.8059,,,,347.4,,,7.0,0.3,0.875,27.0175,1.0131,0.472875,1.0822,0.423994,1.4737,0.08203,inferred
EMMS,Estacion Metro Mirador - Santiago,-33.513,-70.606,seismic,Stations_USGS,,0.24,0.0,,,,304.42,,,,,,,,,,,,,inferred
OBSMH_126,Santiago  Parque Dorsal building,-33.3943,-70.6611,macroseismic,Stations_USGS,,0.239145,0.8059,,,,265.82,,,7.0,0.3,0.875,27.0175,1.0131,0.471792,1.0822,0.425129,1.4737,0.082277,inferred
OBSMH_127,Santiago  Regina Oriente building,-33.4475,-70.5954,macroseismic,Stations_USGS,,0.238885,0.8059,,,,339.5,,,7.0,0.3,0.875,27.0175,1.0131,0.471522,1.0822,0.425413,1.4737,0.082338,inferred
OBSMH_119,Santiago  Los Reyes de Huechuraba,-33.3468,-70.6709,macroseismic,Stations_USGS,,0.237171,0.8059,,,,585.66,,,7.0,0.3,0.875,27.0175,1.0131,0.46974,1.0822,0.427294,1.4737,0.082746,inferred
OBS_89,Villa Alemana::ValparaAso::Chile 12 responses 342 km (Intensity VII),-33.04,-71.36,macroseismic,Stations_USGS,,0.236287,0.8059,,,,336.54,,,7.0,0.3,0.875,27.0175,1.0131,0.468819,1.0822,0.428273,1.4737,0.082959,inferred
ME,Santiago La Florida,-33.154,-70.605,seismic,Stations_USGS,,0.236,0.0,,,,900.0,,,,,0.0,15.3,,,,,,,inferred
UTM:(19H 034 621 10000),,-34.1945,-70.6822,macroseismic,Stations_USGS,,0.233684,0.8059,,,,328.31,,,6.9,0.3,0.875,25.1189,1.0131,0.455544,1.0822,0.383373,1.4737,0.074196,inferred
OBS_40,MachalA::Libertador General Bernardo OHiggins::Chile 8 responses 268 km (Intensity VII),-34.18,-70.67,macroseismic,Stations_USGS,,0.233305,0.8059,,,,328.31,,,6.9,0.3,0.875,25.1189,1.0131,0.455155,1.0822,0.383755,1.4737,0.074279,inferred
OBS_53,Puente Alto::Metropolitana::Chile 38 responses 322 km (Intensity VII),-33.61,-70.57,macroseismic,Stations_USGS,,0.228968,0.8059,,,,315.92,,,6.9,0.3,0.875,25.1189,1.0131,0.450687,1.0822,0.388194,1.4737,0.075242,inferred
UTM:(19H 034 629 10000),,-33.4733,-70.6681,macroseismic,Stations_USGS,,0.228503,0.8059,,,,285.37,,,6.9,0.3,0.875,25.1189,1.0131,0.450206,1.0822,0.388678,1.4737,0.075347,inferred
OBS_77,Santiago::Metropolitana::Chile 951 responses 332 km (Intensity VII),-33.46,-70.64,macroseismic,Stations_USGS,,0.22679,0.8059,,,,335.54,,,6.9,0.3,0.875,25.1189,1.0131,0.448428,1.0822,0.390475,1.4737,0.075738,inferred
UTM:(19H 025 634 10000),,-33.0059,-71.6225,macroseismic,Stations_USGS,,0.225827,0.8059,,,,600.0,,,6.9,0.3,0.875,25.1189,1.0131,0.447427,1.0822,0.391494,1.4737,0.07596,inferred
OBS_68,San Javier::Maule::Chile 4 responses 96 km (Intensity VII),-35.59,-71.74,macroseismic,Stations_USGS,,0.225495,0.8059,,,,283.75,,,6.7,0.3,0.875,21.7125,1.0131,0.427065,1.0822,0.309756,1.4737,0.059902,inferred
OBS_91,ViAta del Mar::ValparaAso::Chile 114 responses 339 km (Intensity VII),-33.01,-71.55,macroseismic,Stations_USGS,,0.224407,0.8059,,,,282.96,,,6.9,0.3,0.875,25.1189,1.0131,0.445945,1.0822,0.393011,1.4737,0.07629,inferred
UTM:(19H 026 634 10000),,-33.0081,-71.5156,macroseismic,Stations_USGS,,0.223494,0.8059,,,,485.56,,,6.9,0.3,0.875,25.1189,1.0131,0.44499,1.0822,0.393994,1.4737,0.076503,inferred
OBSAS_60,Rapel (Intensity VII),-33.94,-71.73,macroseismic,Stations_USGS,,0.219225,0.8059,,,,426.47,,,6.5,0.3,0.875,18.768,1.0131,0.401942,1.0822,0.249133,1.4737,0.048115,inferred
OBS_36,Limache::ValparaAso::Chile 8 responses 347 km (Intensity VII),-33.02,-71.27,macroseismic,Stations_USGS,,0.218906,0.8059,,,,483.14,,,6.9,0.3,0.875,25.1189,1.0131,0.440165,1.0822,0.399035,1.4737,0.077601,inferred
OBS_11,Calera::ValparaAso::Chile 6 responses 373 km (Intensity VII),-32.79,-71.19,macroseismic,Stations_USGS,,0.218862,0.8059,,,,384.05,,,7.0,0.3,0.875,27.0175,1.0131,0.450313,1.0822,0.448862,1.4737,0.087441,inferred
OBSAS_74,Coelemu (Intensity VII),-36.49,-72.7,macroseismic,Stations_USGS,,0.218143,0.8059,,,,479.88,,,6.5,0.3,0.875,18.768,1.0131,0.400898,1.0822,0.249889,1.4737,0.048279,inferred
OBS_83,Teno::Maule::Chile 4 responses 184 km (Intensity VII),-34.86,-71.16,macroseismic,Stations_USGS,,0.216965,0.8059,,,,288.85,,,6.7,0.3,0.875,21.7125,1.0131,0.418495,1.0822,0.317165,1.4737,0.06151,inferred
OBS_9,Bulnes::BAo BAo::Chile 3 responses 100 km (Intensity VII),-36.74,-72.3,macroseismic,Stations_USGS,,0.216819,0.8059,,,,244.5,,,6.6,0.3,0.875,20.1866,1.0131,0.408874,1.0822,0.282109,1.4737,0.054621,inferred
OBS_88,ValparaAso::ValparaAso::Chile 47 responses 333 km (Intensity VII),-33.04,-71.64,macroseismic,Stations_USGS,,0.214869,0.8059,,,,677.67,,,6.8,0.3,0.875,23.3536,1.0131,0.426009,1.0822,0.358854,1.4737,0.069764,inferred
OBSAS_65,Paredones (Intensity VII),-34.66,-71.89,macroseismic,Stations_USGS,,0.213282,0.8059,,,,399.89,,,6.5,0.3,0.875,18.768,1.0131,0.396177,1.0822,0.253365,1.4737,0.049032,inferred
OBSAS_77,Ranquil/Nipas (Intensity VII),-36.64,-72.6,macroseismic,Stations_USGS,,0.213224,0.8059,,,,492.18,,,6.5,0.3,0.875,18.768,1.0131,0.39612,1.0822,0.253407,1.4737,0.049041,inferred
OBSAS_59,San Pedro (Intensity VII),-33.93,-71.53,macroseismic,Stations_USGS,,0.212628,0.8059,,,,327.12,,,6.5,0.3,0.875,18.768,1.0131,0.395538,1.0822,0.253842,1.4737,0.049136,inferred
OBS_57,QuilpuAc::ValparaAso::Chile 23 responses 337 km (Intensity VII),-33.04,-71.5,macroseismic,Stations_USGS,,0.211647,0.8059,,,,604.2,,,6.8,0.3,0.875,23.3536,1.0131,0.422639,1.0822,0.362192,1.4737,0.070492,inferred
OBSAS_63,Marchigue (Intensity VII),-34.4,-71.61,macroseismic,Stations_USGS,,0.208328,0.8059,,,,282.91,,,6.5,0.3,0.875,18.768,1.0131,0.391312,1.0822,0.257041,1.4737,0.04983,inferred
OBSAS_80,Angol (Intensity VII),-37.8,-72.7,macroseismic,Stations_USGS,,0.207789,0.8059,,,,501.84,,,6.5,0.3,0.875,18.768,1.0131,0.390779,1.0822,0.257449,1.4737,0.049919,inferred
OBSAS_62,San Jose (Intensity VII),-34.23,-71.5,macroseismic,Stations_USGS,,0.207457,0.8059,,,,339.53,,,6.5,0.3,0.875,18.768,1.0131,0.390451,1.0822,0.257702,1.4737,0.049974,inferred
OBS_82,Temuco::AraucanAa::Chile 50 responses 313 km (Intensity VII),-38.73,-72.58,macroseismic,Stations_USGS,,0.20668,0.8059,,,,448.78,,,6.8,0.3,0.875,23.3536,1.0131,0.417395,1.0822,0.367503,1.4737,0.071652,inferred
UTM:(19H 028 634 10000),,-33.0123,-71.3016,macroseismic,Stations_USGS,,0.205892,0.8059,,,,263.14,,,6.8,0.3,0.875,23.3536,1.0131,0.416557,1.0822,0.368365,1.4737,0.07184,inferred
OBS_30,La Ligua::ValparaAso::Chile 10 responses 406 km (Intensity VII),-32.46,-71.24,macroseismic,Stations_USGS,,0.205395,0.8059,,,,403.94,,,7.0,0.3,0.875,27.0175,1.0131,0.435527,1.0822,0.466678,1.4737,0.09134,inferred
OBSAS_78,Cabrero (Intensity VII),-37.03,-72.4,macroseismic,Stations_USGS,,0.204334,0.8059,,,,358.67,,,6.5,0.3,0.875,18.768,1.0131,0.387349,1.0822,0.260109,1.4737,0.050497,inferred
OBSAS_58,Melipilla (Intensity VII),-33.69,-71.21,macroseismic,Stations_USGS,,0.202897,0.8059,,,,257.8,,,6.5,0.3,0.875,18.768,1.0131,0.385915,1.0822,0.261236,1.4737,0.050743,inferred
OBSAS_75,San Nicolas (Intensity VII),-36.5,-72.19,macroseismic,Stations_USGS,,0.202683,0.8059,,,,205.57,,,6.5,0.3,0.875,18.768,1.0131,0.385701,1.0822,0.261406,1.4737,0.050779,inferred
OBSAS_67,La Huerta (Intensity VII),-35.07,-71.67,macroseismic,Stations_USGS,,0.202229,0.8059,,,,260.53,,,6.5,0.3,0.875,18.768,1.0131,0.385247,1.0822,0.261765,1.4737,0.050858,inferred
OBSAS_79,Los Angeles (Intensity VII),-37.47,-72.35,macroseismic,Stations_USGS,,0.20047,0.8059,,,,262.03,,,6.5,0.3,0.875,18.768,1.0131,0.383481,1.0822,0.26317,1.4737,0.051164,inferred
OBSAS_76,Chillan (Intensity VII),-36.6,-72.11,macroseismic,Stations_USGS,,0.200024,0.8059,,,,274.83,,,6.5,0.3,0.875,18.768,1.0131,0.383033,1.0822,0.26353,1.4737,0.051242,inferred
OBSAS_70,San Javier (Intensity VII),-35.6,-71.74,macroseismic,Stations_USGS,,0.199022,0.8059,,,,325.47,,,6.5,0.3,0.875,18.768,1.0131,0.382022,1.0822,0.264343,1.4737,0.051419,inferred
OBSAS_71,Villa Alegre (Intensity VII),-35.67,-71.74,macroseismic,Stations_USGS,,0.198444,0.8059,,,,271.24,,,6.5,0.3,0.875,18.768,1.0131,0.381439,1.0822,0.264814,1.4737,0.051522,inferred
OBSAS_57,El Monte (Intensity VII),-33.68,-71.02,macroseismic,Stations_USGS,,0.196624,0.8059,,,,281.39,,,6.5,0.3,0.875,18.768,1.0131,0.379595,1.0822,0.266314,1.4737,0.051849,inferred
OBSAS_66,Nancagua (Intensity VII),-34.67,-71.22,macroseismic,Stations_USGS,,0.195715,0.8059,,,,238.27,,,6.5,0.3,0.875,18.768,1.0131,0.378673,1.0822,0.267071,1.4737,0.052014,inferred
OBS_64,San Bernardo::Metropolitana::Chile 13 responses 316 km (Intensity VII),-33.6,-70.7,macroseismic,Stations_USGS,,0.195018,0.8059,,,,330.11,,,6.6,0.3,0.875,20.1866,1.0131,0.386718,1.0822,0.30104,1.4737,0.058746,inferred
OBSAS_73,Longavi (Intensity VII),-35.97,-71.68,macroseismic,Stations_USGS,,0.194891,0.8059,,,,228.51,,,6.5,0.3,0.875,18.768,1.0131,0.377834,1.0822,0.267762,1.4737,0.052165,inferred
OBSAS_68,Pelarco (Intensity VII),-35.38,-71.45,macroseismic,Stations_USGS,,0.19446,0.8059,,,,252.77,,,6.5,0.3,0.875,18.768,1.0131,0.377394,1.0822,0.268126,1.4737,0.052245,inferred
UTM:(19H 028 640 10000),,-32.4714,-71.2878,macroseismic,Stations_USGS,,0.193923,0.8059,,,,639.25,,,6.9,0.3,0.875,25.1189,1.0131,0.412997,1.0822,0.429801,1.4737,0.084337,inferred
OBSAS_72,Linares (Intensity VII),-35.85,-71.59,macroseismic,Stations_USGS,,0.193767,0.8059,,,,246.83,,,6.5,0.3,0.875,18.768,1.0131,0.376686,1.0822,0.268713,1.4737,0.052373,inferred
OBSAS_56,Talagante (Intensity VII),-33.67,-70.93,macroseismic,Stations_USGS,,0.193655,0.8059,,,,310.39,,,6.5,0.3,0.875,18.768,1.0131,0.376572,1.0822,0.268809,1.4737,0.052394,inferred
OBSAS_69,San Clemente (Intensity VII),-35.55,-71.48,macroseismic,Stations_USGS,,0.193641,0.8059,,,,290.36,,,6.5,0.3,0.875,18.768,1.0131,0.376558,1.0822,0.268821,1.4737,0.052396,inferred
UTM:(19H 018 570 10000),,-38.7475,-72.6244,macroseismic,Stations_USGS,,0.19349,0.8059,,,,291.6,,,6.7,0.3,0.875,21.7125,1.0131,0.394044,1.0822,0.340225,1.4737,0.066544,inferred
OBSAS_64,San Fernando (Intensity VII),-34.58,-70.99,macroseismic,Stations_USGS,,0.189108,0.8059,,,,287.28,,,6.5,0.3,0.875,18.768,1.0131,0.371898,1.0822,0.272752,1.4737,0.053256,inferred
ROC1,Recinto d. SHOA  Cerro,-32.976,-71.016,seismic,Stations_USGS,,0.188,0.0,,,,900.0,,,,,0.0,24.2,0.0,0.638,0.0,0.327,0.0,0.056,inferred
OBS_56,Quillota::ValparaAso::Chile 9 responses 362 km (Intensity VII),-32.88,-71.26,macroseismic,Stations_USGS,,0.186403,0.8059,,,,275.55,,,6.7,0.3,0.875,21.7125,1.0131,0.38639,1.0822,0.348096,1.4737,0.068272,inferred
OBSAS_99,Lebu (Intensity VI),-37.6,-73.67,macroseismic,Stations_USGS,,0.185834,0.8059,,,,600.0,,,6.0,0.3,0.875,13.0374,1.0131,0.328629,1.0822,0.153171,1.4737,0.029692,inferred
OBSAS_61,Rancagua (Intensity VII),-34.16,-70.74,macroseismic,Stations_USGS,,0.185123,0.8059,,,,304.84,,,6.5,0.3,0.875,18.768,1.0131,0.367756,1.0822,0.276336,1.4737,0.054041,inferred
OBS_90,Villarrica::AraucanAa::Chile 25 responses 376 km (Intensity VII),-39.28,-72.23,macroseismic,Stations_USGS,,0.181302,0.8059,,,,329.76,,,6.8,0.3,0.875,23.3536,1.0131,0.389616,1.0822,0.398229,1.4737,0.078399,inferred
UTM:(19H 022 564 10000),,-39.3007,-72.189,macroseismic,Stations_USGS,,0.1804,0.8059,,,,350.77,,,6.8,0.3,0.875,23.3536,1.0131,0.388595,1.0822,0.399449,1.4737,0.078668,inferred
UTM:(19H 031 615 10000),,-34.7304,-71.0207,macroseismic,Stations_USGS,,0.176832,0.8059,,,,293.66,,,6.4,0.3,0.875,17.4491,1.0131,0.350875,1.0822,0.252689,1.4737,0.0495,inferred
OBS_38,Los Andes::ValparaAso::Chile 5 responses 393 km (Intensity VII),-32.83,-70.6,macroseismic,Stations_USGS,,0.175741,0.8059,,,,397.78,,,6.7,0.3,0.875,21.7125,1.0131,0.374608,1.0822,0.360892,1.4737,0.071091,inferred
OBSAS_100,Los Alamos (Intensity VI),-37.62,-73.46,macroseismic,Stations_USGS,,0.175552,0.8059,,,,277.12,,,6.0,0.3,0.875,13.0374,1.0131,0.318941,1.0822,0.158609,1.4737,0.030876,inferred
OBSAS_101,Tres Pinos (Intensity VI),-37.63,-73.41,macroseismic,Stations_USGS,,0.17343,0.8059,,,,267.69,,,6.0,0.3,0.875,13.0374,1.0131,0.316908,1.0822,0.159796,1.4737,0.031135,inferred
OBSAS_97,Curanilahue (Intensity VI),-37.47,-73.35,macroseismic,Stations_USGS,,0.172447,0.8059,,,,522.12,,,6.0,0.3,0.875,13.0374,1.0131,0.315963,1.0822,0.160353,1.4737,0.031257,inferred
OBSAS_95,Arauco (Intensity VI),-37.26,-73.28,macroseismic,Stations_USGS,,0.171629,0.8059,,,,279.33,,,6.0,0.3,0.875,13.0374,1.0131,0.315174,1.0822,0.160821,1.4737,0.031359,inferred
UCS,Universidad de Chile - Santiago,-33.44,-70.651,seismic,Stations_USGS,,0.17,0.0,,,,335.54,,,,,,,,,,,,,inferred
OBSMH_103,San Pedro,-36.8378,-73.0969,macroseismic,Stations_USGS,,0.168884,0.8059,,,,496.01,,,6.0,0.3,0.875,13.0374,1.0131,0.312513,1.0822,0.162418,1.4737,0.031708,inferred
OBSMH_79,Coronel,-37.0341,-73.1412,macroseismic,Stations_USGS,,0.168635,0.8059,,,,600.0,,,6.0,0.3,0.875,13.0374,1.0131,0.312271,1.0822,0.162565,1.4737,0.03174,inferred
OBSMH_14,Concepcion  Arana & Lincoyan - Rengo,-36.8278,-73.053,macroseismic,Stations_USGS,,0.167478,0.8059,,,,211.93,,,6.0,0.3,0.875,13.0374,1.0131,0.311143,1.0822,0.163252,1.4737,0.031891,inferred
OBSMH_41,Concepcion  Roosevelt & MacIver,-36.8231,-73.0361,macroseismic,Stations_USGS,,0.16696,0.8059,,,,211.93,,,6.0,0.3,0.875,13.0374,1.0131,0.310637,1.0822,0.163563,1.4737,0.031959,inferred
OBSMH_19,Concepcion  Collao & Guias,-36.8154,-73.0282,macroseismic,Stations_USGS,,0.166769,0.8059,,,,315.41,,,6.0,0.3,0.875,13.0374,1.0131,0.31045,1.0822,0.163678,1.4737,0.031984,inferred
OBS_33,Lampa::Metropolitana::Chile 4 responses 336 km (Intensity VI),-33.28,-70.9,macroseismic,Stations_USGS,,0.165347,0.8059,,,,532.4,,,6.4,0.3,0.875,17.4491,1.0131,0.338704,1.0822,0.263306,1.4737,0.051837,inferred
OBSMH_48,Constitucion  Bulnes Vial S,-35.3325,-72.4074,macroseismic,Stations_USGS,,0.162558,0.8059,,,,298.12,,,6.0,0.3,0.875,13.0374,1.0131,0.306304,1.0822,0.166264,1.4737,0.032551,inferred
OBSAS_88,Trehuaco (Intensity VI),-36.43,-72.67,macroseismic,Stations_USGS,,0.15949,0.8059,,,,446.93,,,6.0,0.3,0.875,13.0374,1.0131,0.303251,1.0822,0.168217,1.4737,0.03298,inferred
OBSAS_81,San Antonio (Intensity VI),-33.59,-71.61,macroseismic,Stations_USGS,,0.157201,0.8059,,,,482.76,,,6.0,0.3,0.875,13.0374,1.0131,0.300955,1.0822,0.169714,1.4737,0.033309,inferred
OBSAS_96,La Laja (Intensity VI),-37.27,-72.7,macroseismic,Stations_USGS,,0.15472,0.8059,,,,355.55,,,6.0,0.3,0.875,13.0374,1.0131,0.298448,1.0822,0.171377,1.4737,0.033675,inferred
OBSAS_98,Nacimiento (Intensity VI),-37.5,-72.68,macroseismic,Stations_USGS,,0.153122,0.8059,,,,297.61,,,6.0,0.3,0.875,13.0374,1.0131,0.296824,1.0822,0.172471,1.4737,0.033916,inferred
OBSMH_97,Quillon,-36.7548,-72.4786,macroseismic,Stations_USGS,,0.152758,0.8059,,,,344.45,,,6.0,0.3,0.875,13.0374,1.0131,0.296452,1.0822,0.172723,1.4737,0.033971,inferred
OBSAS_93,Yumbel (Intensity VI),-37.1,-72.55,macroseismic,Stations_USGS,,0.152351,0.8059,,,,331.64,,,6.0,0.3,0.875,13.0374,1.0131,0.296038,1.0822,0.173005,1.4737,0.034033,inferred
OBSAS_92,Monteaguila (Intensity VI),-37.08,-72.44,macroseismic,Stations_USGS,,0.150225,0.8059,,,,231.3,,,6.0,0.3,0.875,13.0374,1.0131,0.293858,1.0822,0.174502,1.4737,0.034364,inferred
OBSAS_83,Las Cabras (Intensity VI),-34.29,-71.31,macroseismic,Stations_USGS,,0.14783,0.8059,,,,558.7,,,6.0,0.3,0.875,13.0374,1.0131,0.291386,1.0822,0.176229,1.4737,0.034745,inferred
OBSAS_90,General Cruz (Intensity VI),-36.96,-72.23,macroseismic,Stations_USGS,,0.146909,0.8059,,,,309.19,,,6.0,0.3,0.875,13.0374,1.0131,0.29043,1.0822,0.176906,1.4737,0.034895,inferred
OBSMH_6,Chillan,-36.6069,-72.102,macroseismic,Stations_USGS,,0.146365,0.8059,,,,274.83,,,6.0,0.3,0.875,13.0374,1.0131,0.289864,1.0822,0.177308,1.4737,0.034984,inferred
OBSAS_91,Pemuco (Intensity VI),-36.98,-72.08,macroseismic,Stations_USGS,,0.144315,0.8059,,,,302.98,,,6.0,0.3,0.875,13.0374,1.0131,0.287723,1.0822,0.178848,1.4737,0.035324,inferred
OBSAS_89,San Ignacio (Intensity VI),-36.8,-72.03,macroseismic,Stations_USGS,,0.14428,0.8059,,,,301.73,,,6.0,0.3,0.875,13.0374,1.0131,0.287686,1.0822,0.178875,1.4737,0.03533,inferred
OBSAS_94,Yungay (Intensity VI),-37.12,-72.02,macroseismic,Stations_USGS,,0.142763,0.8059,,,,312.94,,,6.0,0.3,0.875,13.0374,1.0131,0.286092,1.0822,0.180037,1.4737,0.035587,inferred
OBSAS_87,Yerbas Buenas (Intensity VI),-35.75,-71.57,macroseismic,Stations_USGS,,0.142217,0.8059,,,,248.5,,,6.0,0.3,0.875,13.0374,1.0131,0.285516,1.0822,0.18046,1.4737,0.035681,inferred
OBSMH_91,Molina,-35.0954,-71.3206,macroseismic,Stations_USGS,,0.142027,0.8059,,,,296.26,,,6.0,0.3,0.875,13.0374,1.0131,0.285315,1.0822,0.180608,1.4737,0.035714,inferred
HVAL,Hosp. Valdivia,-39.83,-73.24,seismic,Stations_USGS,,0.14,0.0,,,,252.2,,,,,,,,,,,,,inferred
OBSAS_85,Chimbarongo (Intensity VI),-34.7,-71.05,macroseismic,Stations_USGS,,0.138992,0.8059,,,,282.17,,,6.0,0.3,0.875,13.0374,1.0131,0.282093,1.0822,0.183015,1.4737,0.036248,inferred
OBSAS_86,Romeral (Intensity VI),-34.96,-71.12,macroseismic,Stations_USGS,,0.138334,0.8059,,,,349.09,,,6.0,0.3,0.875,13.0374,1.0131,0.281391,1.0822,0.183548,1.4737,0.036366,inferred
OBSAS_84,Requinoa (Intensity VI),-34.4,-70.86,macroseismic,Stations_USGS,,0.136648,0.8059,,,,303.85,,,6.0,0.3,0.875,13.0374,1.0131,0.279582,1.0822,0.184933,1.4737,0.036674,inferred
OBSAS_82,Codegua (Intensity VI),-34.04,-70.67,macroseismic,Stations_USGS,,0.13478,0.8059,,,,323.66,,,6.0,0.3,0.875,13.0374,1.0131,0.277567,1.0822,0.1865,1.4737,0.037022,inferred
OBSAS_105,Valparaiso (Intensity VI),-33.05,-71.6,macroseismic,Stations_USGS,,0.130437,0.8059,,,,513.49,,,6.0,0.3,0.875,13.0374,1.0131,0.272828,1.0822,0.190282,1.4737,0.037865,inferred
VALD,Valdivia,-39.824,-73.213,seismic,Stations_USGS,,0.13,0.0,,,,224.49,,,,,0.0,18.42,0.0,0.212,0.0,0.404,0.0,0.036,inferred
OBSAS_103,Vina del Mar (Intensity VI),-33.01,-71.52,macroseismic,Stations_USGS,,0.127778,0.8059,,,,485.56,,,6.0,0.3,0.875,13.0374,1.0131,0.269891,1.0822,0.192698,1.4737,0.038404,inferred
UTM:(19H 013 558 10000),,-39.8066,-73.2634,macroseismic,Stations_USGS,,0.101462,0.8059,,,,252.2,,,6.0,0.3,0.875,13.0374,1.0131,0.239076,1.0822,0.221954,1.4737,0.044996,inferred
OBS_86,Valdivia::Los Lagos::Chile 38 responses 436 km (Intensity VI),-39.82,-73.23,macroseismic,Stations_USGS,,0.101271,0.8059,,,,224.49,,,6.0,0.3,0.875,13.0374,1.0131,0.238839,1.0822,0.222211,1.4737,0.045054,inferred
OBSAS_104,Canete (Intensity V),-37.8,-73.4,macroseismic,Stations_USGS,,0.09215,0.8059,,,,290.38,,,5.0,0.3,0.875,6.2912,1.0131,0.180757,1.0822,0.072679,1.4737,0.014589,inferred
OBSMH_9,Concepcion  airport,-36.7769,-73.0596,macroseismic,Stations_USGS,,0.090256,0.8059,,,,357.29,,,5.0,0.3,0.875,6.2912,1.0131,0.178794,1.0822,0.07361,1.4737,0.014798,inferred
OBSAS_107,Contulmo (Intensity V),-38.01,-73.23,macroseismic,Stations_USGS,,0.088277,0.8059,,,,707.38,,,5.0,0.3,0.875,6.2912,1.0131,0.176723,1.0822,0.074617,1.4737,0.015025,inferred
OBSAS_108,Puren (Intensity V),-38.02,-73.08,macroseismic,Stations_USGS,,0.085947,0.8059,,,,461.68,,,5.0,0.3,0.875,6.2912,1.0131,0.174255,1.0822,0.075851,1.4737,0.015304,inferred
OBSAS_106,Los Sauces (Intensity V),-37.98,-72.83,macroseismic,Stations_USGS,,0.082808,0.8059,,,,286.09,,,5.0,0.3,0.875,6.2912,1.0131,0.17088,1.0822,0.0776,1.4737,0.0157,inferred
OBSAS_102,Renaico (Intensity V),-37.67,-72.58,macroseismic,Stations_USGS,,0.080681,0.8059,,,,225.84,,,5.0,0.3,0.875,6.2912,1.0131,0.168558,1.0822,0.078848,1.4737,0.015983,inferred
OBS_48,Ovalle::Coquimbo::Chile 3 responses 606 km (Intensity VI),-30.59,-71.2,macroseismic,Stations_USGS,,0.075818,0.8059,,,,462.3,,,5.7,0.3,0.875,10.4774,1.0131,0.191504,1.0822,0.186497,1.4737,0.038435,inferred
OBS_47,Osorno::Los Lagos::Chile 25 responses 518 km (Intensity VI),-40.57,-73.16,macroseismic,Stations_USGS,,0.072023,0.8059,,,,314.77,,,5.6,0.3,0.875,9.7411,1.0131,0.182183,1.0822,0.171117,1.4737,0.035339,inferred
UTM:(19H 014 550 10000),,-40.5297,-73.1909,macroseismic,Stations_USGS,,0.06386,0.8059,,,,517.26,,,5.4,0.3,0.875,8.4201,1.0131,0.16155,1.0822,0.145618,1.4737,0.030239,inferred
OBS_55,Puerto Varas::Los Lagos::Chile 10 responses 602 km (Intensity V),-41.33,-72.99,macroseismic,Stations_USGS,,0.062906,0.8059,,,,412.65,,,5.4,0.3,0.875,8.4201,1.0131,0.158448,1.0822,0.146968,1.4737,0.030554,inferred
UTM:(19H 026 494 10000),,-45.6088,-72.0138,macroseismic,Stations_USGS,,0.059111,0.8059,,,,760.0,,,,,0.875,7.8284,1.0131,0.138266,1.0822,0.13575,1.4737,0.028303,inferred
OBSAS_109,Los Vilos (Intensity V),-31.91,-71.51,macroseismic,Stations_USGS,,0.054787,0.8059,,,,394.93,,,5.0,0.3,0.875,6.2912,1.0131,0.105959,1.0822,0.099957,1.4737,0.020851,inferred
OBSAS_111,Salamanca (Intensity V),-31.77,-70.97,macroseismic,Stations_USGS,,0.052726,0.8059,,,,787.14,,,5.0,0.3,0.875,6.2912,1.0131,0.100853,1.0822,0.102335,1.4737,0.021408,inferred
OBS_54,Puerto Montt::Los Lagos::Chile 21 responses 617 km (Intensity V),-41.47,-72.94,macroseismic,Stations_USGS,,0.052193,0.8059,,,,600.0,,,5.1,0.3,0.875,6.7667,1.0131,0.105286,1.0822,0.115818,1.4737,0.024288,inferred
UTM:(19H 016 541 10000),,-41.3469,-73.004,macroseismic,Stations_USGS,,0.052193,0.8059,,,,350.24,,,5.1,0.3,0.875,6.7667,1.0131,0.105286,1.0822,0.115818,1.4737,0.024288,inferred
OBSAS_110,Illapel (Intensity V),-31.6,-71.12,macroseismic,Stations_USGS,,0.051908,0.8059,,,,742.97,,,5.0,0.3,0.875,6.2912,1.0131,0.098843,1.0822,0.10332,1.4737,0.021639,inferred
UTM:(19H 017 540 10000),,-41.4408,-72.8901,macroseismic,Stations_USGS,,0.049044,0.8059,,,,299.64,,,5.0,0.3,0.875,6.2912,1.0131,0.091875,1.0822,0.106978,1.4737,0.022499,inferred
OBS_17,Coihaique::AisAcn::Chile 4 responses 1074 km (Intensity V),-45.57,-72.07,macroseismic,Stations_USGS,,0.043304,0.8059,,,,760.0,,,4.8,0.3,0.875,5.438,1.0131,0.069961,1.0822,0.09127,1.4737,0.019308,inferred
OBS_69,San Juan::San Juan::Argentina 25 responses 621 km (Intensity V),-31.54,-68.53,macroseismic,Stations_USGS,,0.040691,0.8059,,,,278.78,,,4.7,0.3,0.875,5.0559,1.0131,0.06105,1.0822,0.084303,1.4737,0.017886,inferred
OBS_1,Ancud::Los Lagos::Chile 4 responses 668 km (Intensity V),-41.87,-73.83,macroseismic,Stations_USGS,,0.040691,0.8059,,,,484.39,,,4.7,0.3,0.875,5.0559,1.0131,0.06105,1.0822,0.084303,1.4737,0.017886,inferred
OBS_26,Cutral CA::NeuquAcn::Argentina 24 responses 456 km (Intensity V),-38.94,-69.24,macroseismic,Stations_USGS,,0.040691,0.8059,,,,298.79,,,4.7,0.3,0.875,5.0559,1.0131,0.06105,1.0822,0.084303,1.4737,0.017886,inferred
UTM:(19H 054 634 10000),,-33.0326,-68.5181,macroseismic,Stations_USGS,,0.039436,0.8059,,,,221.11,,,4.6,0.3,0.875,4.7006,1.0131,0.055436,1.0822,0.076408,1.4737,0.01622,inferred
OBS_42,Mendoza::Mendoza::Argentina 154 responses 490 km (Intensity V),-32.89,-68.83,macroseismic,Stations_USGS,,0.037566,0.8059,,,,331.13,,,4.5,0.3,0.875,4.3703,1.0131,0.049713,1.0822,0.069666,1.4737,0.014809,inferred
UTM:(19H 051 636 10000),,-32.8529,-68.8398,macroseismic,Stations_USGS,,0.037463,0.8059,,,,424.35,,,4.5,0.3,0.875,4.3703,1.0131,0.049639,1.0822,0.069714,1.4737,0.014821,inferred
OBS_71,San MartAn::Mendoza::Argentina 10 responses 501 km (Intensity V),-33.07,-68.49,macroseismic,Stations_USGS,,0.035627,0.8059,,,,218.86,,,4.5,0.3,0.875,4.3703,1.0131,0.048312,1.0822,0.07062,1.4737,0.015036,inferred
OBS_72,San Rafael::Mendoza::Argentina 13 responses 424 km (Intensity IV),-34.62,-68.34,macroseismic,Stations_USGS,,0.030016,0.8059,,,,286.54,,,4.4,0.3,0.875,4.0631,1.0131,0.041642,1.0822,0.065613,1.4737,0.014021,inferred
COPI,Copiapo,-27.39,-70.31,seismic,Stations_USGS,,0.03,0.0,,,,760.0,,,,,0.0,2.93,0.0,0.097,0.0,0.018,0.0,0.011,inferred
VICH,Punta de Chungos,-31.88,-71.498,seismic,Stations_USGS,,0.03,0.0,,,,449.56,,,,,0.0,9.33,0.0,0.083,0.0,0.053,0.0,0.035,inferred
OBS_70,San Luis::San Luis::Argentina 4 responses 652 km (Intensity IV),-33.31,-66.35,macroseismic,Stations_USGS,,0.024648,0.8059,,,,363.2,,,4.3,0.3,0.875,3.7776,1.0131,0.0354,1.0822,0.061364,1.4737,0.013171,inferred
UTM:(19H 056 616 10000),,-34.6549,-68.2907,macroseismic,Stations_USGS,,0.022033,0.8059,,,,285.7,,,4.2,0.3,0.875,3.5121,1.0131,0.031503,1.0822,0.056153,1.4737,0.012074,inferred
OBS_31,La Serena::Coquimbo::Chile 23 responses 680 km (Intensity IV),-29.9,-71.25,macroseismic,Stations_USGS,,0.021245,0.8059,,,,472.65,,,4.2,0.3,0.875,3.5121,1.0131,0.030891,1.0822,0.05668,1.4737,0.012201,inferred
VALL,Vallenar,-28.577,-70.755,seismic,Stations_USGS,,0.02,0.0,,,,418.69,,,,,0.0,2.75,0.0,0.058,0.0,0.031,0.0,0.012,inferred
UTM:(19H 009 535 10000),,-41.8532,-73.8785,macroseismic,Stations_USGS,,0.018312,0.8059,,,,600.0,,,4.1,0.3,0.875,3.1573,1.0131,0.026956,1.0822,0.052354,1.4737,0.011302,inferred
OBS_19,Comodoro Rivadavia::Chubut::Argentina 3 responses 1190 km (Intensity IV),-45.86,-67.49,macroseismic,Stations_USGS,,0.018312,0.8059,,,,760.0,,,4.1,0.3,0.875,3.1573,1.0131,0.026956,1.0822,0.052354,1.4737,0.011302,inferred
OBS_43,Mercedes::San Luis::Argentina 3 responses 708 km (Intensity IV),-33.69,-65.47,macroseismic,Stations_USGS,,0.015784,0.8059,,,,311.16,,,4.0,0.3,0.875,2.6996,1.0131,0.023522,1.0822,0.048358,1.4737,0.01047,inferred
UTM:(19H 030 544 10000),,-41.1229,-71.3229,macroseismic,Stations_USGS,,0.015784,0.8059,,,,600.0,,,4.0,0.3,0.875,2.6996,1.0131,0.023522,1.0822,0.048358,1.4737,0.01047,inferred
OBS_23,Coquimbo::Coquimbo::Chile 8 responses 672 km (Intensity IV),-29.96,-71.33,macroseismic,Stations_USGS,,0.015784,0.8059,,,,600.0,,,4.0,0.3,0.875,2.6996,1.0131,0.023522,1.0822,0.048358,1.4737,0.01047,inferred
UTM:(19H 074 631 10000),,-33.2763,-66.3695,macroseismic,Stations_USGS,,0.015784,0.8059,,,,355.12,,,4.0,0.3,0.875,2.6996,1.0131,0.023522,1.0822,0.048358,1.4737,0.01047,inferred
OBS_76,Santiago del Estero::Santiago del Estero::Argentina 3 responses 1203 km (Intensity III),-27.8,-64.28,macroseismic,Stations_USGS,,,,,,,760.0,,,3.0,0.3,,,,,,,,,inferred
OBS_61,Rosario::Santa FAc::Argentina 7 responses 1156 km (Intensity III),-32.94,-60.67,macroseismic,Stations_USGS,,,,,,,760.0,,,3.0,0.3,,,,,,,,,inferred
OBS_87,Vallenar::Atacama::Chile 3 responses 834 km (Intensity II),-28.57,-70.76,macroseismic,Stations_USGS,,,,,,,418.69,,,2.4,0.3,,,,,,,,,inferred
OBS_85,TucumAn::TucumAn::Argentina 10 responses 1234 km (Intensity IV),-26.83,-65.22,macroseismic,Stations_USGS,,,,,,,760.0,,,3.6,0.3,,,,,,,,,inferred
OBS_22,CopiapA::Atacama::Chile 6 responses 974 km (Intensity III),-27.36,-70.34,macroseismic,Stations_USGS,,,,,,,760.0,,,3.2,0.3,,,,,,,,,inferred
OBS_6,Bariloche::RAo Negro::Argentina 71 responses 593 km (Intensity IV),-41.14,-71.32,macroseismic,Stations_USGS,,,,,,,520.4,,,3.9,0.3,,,,,,,,,inferred
OBS_46,NeuquAcn::NeuquAcn::Argentina 35 responses 533 km (Intensity IV),-38.95,-68.06,macroseismic,Stations_USGS,,,,,,,405.69,,,3.9,0.3,,,,,,,,,inferred
OBS_62,RAo Cuarto::CArdoba::Argentina 8 responses 829 km (Intensity III),-33.13,-64.35,macroseismic,Stations_USGS,,,,,,,760.0,,,3.2,0.3,,,,,,,,,inferred
OBS_27,CArdoba::CArdoba::Argentina 72 responses 937 km (Intensity IV),-31.4,-64.19,macroseismic,Stations_USGS,,,,,,,760.0,,,3.9,0.3,,,,,,,,,inferred
OBS_3,Antofagasta::Antofagasta::Chile 3 responses 1377 km (Intensity II),-23.65,-70.39,macroseismic,Stations_USGS,,,,,,,760.0,,,2.0,0.3,,,,,,,,,inferred
OBS_10,Calama::Antofagasta::Chile 3 responses 1537 km (Intensity II),-22.45,-68.92,macroseismic,Stations_USGS,,,,,,,760.0,,,2.4,0.3,,,,,,,,,inferred
OBS_4,Azul::Buenos Aires::Argentina 4 responses 1158 km (Intensity III),-36.78,-59.87,macroseismic,Stations_USGS,,,,,,,760.0,,,3.1,0.3,,,,,,,,,inferred
OBS_12,Castro::Los Lagos::Chile 5 responses 734 km (Intensity III),-42.48,-73.77,macroseismic,Stations_USGS,,,,,,,543.65,,,3.4,0.3,,,,,,,,,inferred
OBS_28,General Roca::RAo Negro::Argentina 7 responses 569 km (Intensity IV),-39.02,-67.61,macroseismic,Stations_USGS,,,,,,,294.9,,,3.8,0.3,,,,,,,,,inferred
OBS_5,BahAa Blanca::Buenos Aires::Argentina 14 responses 977 km (Intensity III),-38.72,-62.28,macroseismic,Stations_USGS,,,,,,,760.0,,,2.5,0.3,,,,,,,,,inferred
OBS_7,Buenos Aires::Buenos Aires::Argentina 50 responses 1314 km (Intensity III),-34.61,-58.37,macroseismic,Stations_USGS,,,,,,,760.0,,,2.8,0.3,,,,,,,,,inferred
UTM:(19H -422 487 10000),,-45.6677,-80.7748,macroseismic,Stations_USGS,,,,,,,760.0,,,2.2,0.3,,,,,,,,,inferred
UTM:(19H 010 528 10000),,-42.4865,-73.8058,macroseismic,Stations_USGS,,,,,,,619.16,,,3.6,0.3,,,,,,,,,inferred
UTM:(19H 027 668 10000),,-29.9452,-71.3313,macroseismic,Stations_USGS,,,,,,,600.0,,,3.8,0.3,,,,,,,,,inferred
UTM:(19H 032 683 10000),,-28.6001,-70.7897,macroseismic,Stations_USGS,,,,,,,454.57,,,2.0,0.3,,,,,,,,,inferred
UTM:(19H 035 738 10000),,-23.6392,-70.4216,macroseismic,Stations_USGS,,,,,,,760.0,,,2.4,0.3,,,,,,,,,inferred
UTM:(19H 036 697 10000),,-27.3415,-70.3648,macroseismic,Stations_USGS,,,,,,,760.0,,,3.4,0.3,,,,,,,,,inferred
UTM:(19H 036 800 10000),,-18.0393,-70.2755,macroseismic,Stations_USGS,,,,,,,760.0,,,2.1,0.3,,,,,,,,,inferred
UTM:(19H 050 751 10000),,-22.4713,-68.9514,macroseismic,Stations_USGS,,,,,,,760.0,,,,,,,,,,,,,inferred
UTM:(19H 058 568 10000),,-38.9798,-68.0187,macroseismic,Stations_USGS,,,,,,,222.45,,,3.9,0.3,,,,,,,,,inferred
UTM:(19H 082 626 10000),,-33.7053,-65.4937,macroseismic,Stations_USGS,,,,,,,305.23,,,3.6,0.3,,,,,,,,,inferred
UTM:(19H 087 702 10000),,-26.8464,-65.2271,macroseismic,Stations_USGS,,,,,,,760.0,,,3.7,0.3,,,,,,,,,inferred
UTM:(19H 093 632 10000),,-33.1265,-64.3389,macroseismic,Stations_USGS,,,,,,,760.0,,,3.2,0.3,,,,,,,,,inferred
UTM:(19H 108 569 10000),,-38.7,-62.2759,macroseismic,Stations_USGS,,,,,,,760.0,,,2.8,0.3,,,,,,,,,inferred
UTM:(19H 147 611 10000),,-34.6416,-58.383,macroseismic,Stations_USGS,,,,,,,760.0,,,3.2,0.3,,,,,,,,,inferred
